COMMON.NAME,SCIENTIFIC.NAME
Fulvous Whistling-Duck,Dendrocygna bicolor
Lesser Whistling-Duck,Dendrocygna javanica
Fulvous/Lesser Whistling-Duck,Dendrocygna bicolor/javanica
whistling-duck sp.,Dendrocygna sp.
Bar-headed Goose,Anser indicus
Greylag Goose,Anser anser
Greylag Goose (Domestic type),Anser anser (Domestic type)
Swan Goose (Domestic type),Anser cygnoides (Domestic type)
Greylag x Swan Goose (Domestic type) (hybrid),Anser anser x cygnoides (Domestic type)
Greater White-fronted Goose,Anser albifrons
Lesser White-fronted Goose,Anser erythropus
Greater/Lesser White-fronted Goose,Anser albifrons/erythropus
Taiga Bean-Goose,Anser fabalis
Tundra Bean-Goose,Anser serrirostris
Taiga/Tundra Bean-Goose,Anser fabalis/serrirostris
Domestic goose sp. (Domestic type),Anser sp. (Domestic type)
Anser goose sp.,Anser sp.
Red-breasted Goose,Branta ruficollis
goose sp.,Anser/Branta sp.
Mute Swan,Cygnus olor
Tundra Swan,Cygnus columbianus
Whooper Swan,Cygnus cygnus
Knob-billed Duck (Comb Duck),Sarkidiornis melanotos
Ruddy Shelduck (Brahminy Duck),Tadorna ferruginea
Common Shelduck,Tadorna tadorna
Muscovy Duck (Domestic type),Cairina moschata (Domestic type)
Cotton Pygmy-Goose (Cotton Teal),Nettapus coromandelianus
Mandarin Duck,Aix galericulata
Baikal Teal,Sibirionetta formosa
Garganey,Spatula querquedula
Northern Shoveler,Spatula clypeata
Gadwall,Mareca strepera
Northern Shoveler x Gadwall (hybrid),Spatula clypeata x Mareca strepera
Falcated Duck,Mareca falcata
Gadwall x Falcated Duck (hybrid),Mareca strepera x falcata
Eurasian Wigeon,Mareca penelope
Gadwall x Eurasian Wigeon (hybrid),Mareca strepera x penelope
Indian Spot-billed Duck,Anas poecilorhyncha
Eastern Spot-billed Duck,Anas zonorhyncha
Indian/Eastern Spot-billed Duck,Anas poecilorhyncha/zonorhyncha
Mallard,Anas platyrhynchos
Mallard (Domestic type),Anas platyrhynchos (Domestic type)
Gadwall x Mallard (hybrid),Mareca strepera x Anas platyrhynchos
Mallard x Indian Spot-billed Duck (hybrid),Anas platyrhynchos x poecilorhyncha
Northern Pintail,Anas acuta
Gadwall x Northern Pintail (hybrid),Mareca strepera x Anas acuta
Green-winged Teal (Common Teal),Anas crecca
Garganey/Green-winged Teal,Spatula querquedula/Anas crecca
Eurasian Wigeon x Green-winged Teal (hybrid),Mareca penelope x Anas crecca
Andaman Teal (Sunda Teal),Anas albogularis
teal sp.,Anatidae sp. (teal sp.)
dabbling duck sp.,Anatidae sp. (dabbling duck sp.)
Marbled Teal (Marbled Duck),Marmaronetta angustirostris
Pink-headed Duck,Rhodonessa caryophyllacea
White-winged Duck,Asarcornis scutulata
Red-crested Pochard,Netta rufina
Common Pochard,Aythya ferina
Ferruginous Duck (Ferruginous Pochard),Aythya nyroca
Baer's Pochard,Aythya baeri
Ferruginous Duck x Baer's Pochard (hybrid),Aythya nyroca x baeri
Ferruginous Duck/Baer's Pochard,Aythya nyroca/baeri
Tufted Duck,Aythya fuligula
Greater Scaup,Aythya marila
Tufted Duck x Greater Scaup (hybrid),Aythya fuligula x marila
Greater/Lesser Scaup,Aythya marila/affinis
Aythya duck sp.,Aythya sp.
Long-tailed Duck,Clangula hyemalis
Common Goldeneye,Bucephala clangula
Smew,Mergellus albellus
Common Merganser,Mergus merganser
Red-breasted Merganser,Mergus serrator
Common/Red-breasted Merganser,Mergus merganser/serrator
merganser sp.,Mergellus/Lophodytes/Mergus sp.
White-headed Duck,Oxyura leucocephala
duck sp.,Anatinae sp.
waterfowl sp.,Anatidae sp.
Nicobar Scrubfowl (Nicobar Megapode),Megapodius nicobariensis
Helmeted Guineafowl (Domestic type),Numida meleagris (Domestic type)
Hill Partridge,Arborophila torqueola
Chestnut-breasted Partridge,Arborophila mandellii
Rufous-throated Partridge,Arborophila rufogularis
White-cheeked Partridge,Arborophila atrogularis
Snow Partridge,Lerwa lerwa
Blood Pheasant,Ithaginis cruentus
Western Tragopan,Tragopan melanocephalus
Satyr Tragopan,Tragopan satyra
Blyth's Tragopan,Tragopan blythii
Temminck's Tragopan,Tragopan temminckii
Himalayan Monal,Lophophorus impejanus
Sclater's Monal,Lophophorus sclateri
Koklass Pheasant,Pucrasia macrolopha
Wild Turkey (Domestic type),Meleagris gallopavo (Domestic type)
Tibetan Partridge,Perdix hodgsoniae
Hume's Pheasant,Syrmaticus humiae
Cheer Pheasant,Catreus wallichii
Kalij Pheasant,Lophura leucomelanos
Indian Peafowl,Pavo cristatus
Indian Peafowl (Domestic type),Pavo cristatus (Domestic type)
Green Peafowl,Pavo muticus
Arborophila partridge sp.,Arborophila/Tropicoperdix sp.
Red Spurfowl,Galloperdix spadicea
Painted Spurfowl,Galloperdix lunulata
Red/Painted Spurfowl,Galloperdix spadicea/lunulata
Grey Peacock-Pheasant,Polyplectron bicalcaratum
pheasant sp.,Phasianidae sp. (pheasant sp.)
Mountain Bamboo-Partridge,Bambusicola fytchii
Red Junglefowl,Gallus gallus
Red Junglefowl (Domestic type),Gallus gallus (Domestic type)
Grey Junglefowl,Gallus sonneratii
Grey Francolin,Ortygornis pondicerianus
Swamp Francolin,Ortygornis gularis
Chinese Francolin,Francolinus pintadeanus
Black Francolin,Francolinus francolinus
Painted Francolin,Francolinus pictus
Tibetan Snowcock,Tetraogallus tibetanus
Himalayan Snowcock,Tetraogallus himalayensis
Tibetan/Himalayan Snowcock,Tetraogallus tibetanus/himalayensis
Blue-breasted Quail (King Quail),Synoicus chinensis
Common Quail,Coturnix coturnix
Japanese Quail,Coturnix japonica
Rain Quail,Coturnix coromandelica
Common/Rain Quail,Coturnix coturnix/coromandelica
old world quail sp.,Synoicus/Coturnix sp.
Chukar Partridge,Alectoris chukar
Jungle Bush-Quail,Perdicula asiatica
Rock Bush-Quail,Perdicula argoondah
Jungle/Rock Bush-Quail,Perdicula asiatica/argoondah
Painted Bush-Quail,Perdicula erythrorhyncha
francolin sp.,Phasianidae sp. (francolin sp.)
Greater Flamingo,Phoenicopterus roseus
Lesser Flamingo,Phoeniconaias minor
Greater/Lesser Flamingo,Phoenicopterus roseus/Phoeniconaias minor
flamingo sp.,Phoenicopteridae sp.
Little Grebe,Tachybaptus ruficollis
Horned Grebe (Slavonian Grebe),Podiceps auritus
Red-necked Grebe,Podiceps grisegena
Great Crested Grebe,Podiceps cristatus
Eared Grebe (Black-necked Grebe),Podiceps nigricollis
Horned/Eared Grebe,Podiceps auritus/nigricollis
grebe sp.,Podicipedidae sp.
Rock Pigeon (Blue Rock Pigeon),Columba livia
Hill Pigeon,Columba rupestris
Rock/Hill Pigeon,Columba livia/rupestris
Snow Pigeon,Columba leuconota
Yellow-eyed Pigeon (Pale-backed Pigeon),Columba eversmanni
Common Wood-Pigeon,Columba palumbus
Speckled Wood-Pigeon,Columba hodgsonii
Ashy Wood-Pigeon,Columba pulchricollis
Nilgiri Wood-Pigeon,Columba elphinstonii
Pale-capped Pigeon,Columba punicea
Andaman Wood-Pigeon,Columba palumboides
Columba pigeon sp.,Columba sp.
European Turtle-Dove,Streptopelia turtur
Oriental Turtle-Dove,Streptopelia orientalis
Eurasian Collared-Dove,Streptopelia decaocto
Red Collared-Dove (Red Turtle-Dove),Streptopelia tranquebarica
Eurasian/Red Collared-Dove,Streptopelia decaocto/tranquebarica
Spotted Dove,Streptopelia chinensis
Laughing Dove (Little Brown Dove),Streptopelia senegalensis
Streptopelia dove sp.,Streptopelia sp.
Barred Cuckoo-Dove,Macropygia unchall
Andaman Cuckoo-Dove,Macropygia rufipennis
Namaqua Dove,Oena capensis
Asian Emerald Dove,Chalcophaps indica
Asian/Pacific Emerald Dove,Chalcophaps indica/longirostris
Nicobar Pigeon,Caloenas nicobarica
Orange-breasted Green-Pigeon,Treron bicinctus
Grey-fronted Green-Pigeon (Pompadour Green-Pigeon),Treron affinis
Andaman Green-Pigeon,Treron chloropterus
Ashy-headed Green-Pigeon,Treron phayrei
Thick-billed Green-Pigeon,Treron curvirostra
Yellow-footed Green-Pigeon,Treron phoenicopterus
Pin-tailed Green-Pigeon,Treron apicauda
Wedge-tailed Green-Pigeon,Treron sphenurus
green-pigeon sp.,Treron sp.
Green Imperial-Pigeon,Ducula aenea
Nicobar Imperial-Pigeon,Ducula nicobarica
Mountain Imperial-Pigeon,Ducula badia
Pied Imperial-Pigeon,Ducula bicolor
imperial-pigeon sp.,Ducula sp.
pigeon/dove sp.,Columbidae sp.
Tibetan Sandgrouse,Syrrhaptes tibetanus
Pallas's Sandgrouse,Syrrhaptes paradoxus
Pin-tailed Sandgrouse,Pterocles alchata
Chestnut-bellied Sandgrouse,Pterocles exustus
Spotted Sandgrouse,Pterocles senegallus
Black-bellied Sandgrouse,Pterocles orientalis
Painted Sandgrouse,Pterocles indicus
sandgrouse sp.,Pterocles sp.
Great Indian Bustard,Ardeotis nigriceps
Macqueen's Bustard (Houbara Bustard),Chlamydotis macqueenii
Bengal Florican,Houbaropsis bengalensis
Lesser Florican,Sypheotides indicus
Little Bustard,Tetrax tetrax
Andaman Coucal,Centropus andamanensis
Greater Coucal,Centropus sinensis
Lesser Coucal,Centropus bengalensis
Greater/Lesser Coucal,Centropus sinensis/bengalensis
coucal sp.,Centropus sp.
Sirkeer Malkoha,Taccocua leschenaultii
Blue-faced Malkoha,Phaenicophaeus viridirostris
Green-billed Malkoha,Phaenicophaeus tristis
malkoha sp.,Cuculidae sp. (malkoha sp.)
Chestnut-winged Cuckoo,Clamator coromandus
Pied Cuckoo (Jacobin Cuckoo),Clamator jacobinus
Asian Koel,Eudynamys scolopaceus
Asian Emerald Cuckoo,Chrysococcyx maculatus
Violet Cuckoo,Chrysococcyx xanthorhynchus
Horsfield's Bronze-Cuckoo,Chrysococcyx basalis
Banded Bay Cuckoo,Cacomantis sonneratii
Plaintive Cuckoo,Cacomantis merulinus
Grey-bellied Cuckoo,Cacomantis passerinus
Plaintive/Grey-bellied Cuckoo,Cacomantis merulinus/passerinus
Cacomantis cuckoo sp.,Cacomantis sp.
Fork-tailed Drongo-Cuckoo,Surniculus dicruroides
Square-tailed Drongo-Cuckoo,Surniculus lugubris
Fork-tailed/Square-tailed Drongo-Cuckoo,Surniculus dicruroides/lugubris
Large Hawk-Cuckoo,Hierococcyx sparverioides
Common Hawk-Cuckoo,Hierococcyx varius
Large/Common Hawk-Cuckoo,Hierococcyx sparverioides/varius
Hodgson's Hawk-Cuckoo,Hierococcyx nisicolor
hawk-cuckoo sp.,Hierococcyx sp.
Lesser Cuckoo,Cuculus poliocephalus
Indian Cuckoo,Cuculus micropterus
Lesser/Indian Cuckoo,Cuculus poliocephalus/micropterus
Himalayan Cuckoo,Cuculus saturatus
Common Cuckoo,Cuculus canorus
Himalayan/Oriental Cuckoo,Cuculus saturatus/optatus
Common/Oriental Cuckoo,Cuculus canorus/optatus
Cuculus cuckoo sp.,Cuculus sp.
cuckoo sp. (Cuculidae sp.),Cuculidae sp.
Sri Lanka Frogmouth,Batrachostomus moniliger
Hodgson's Frogmouth,Batrachostomus hodgsoni
frogmouth sp.,Podargidae sp.
Great Eared-Nightjar,Lyncornis macrotis
Jungle Nightjar (Indian Jungle Nightjar),Caprimulgus indicus
Grey Nightjar (Eastern Jungle Nightjar),Caprimulgus jotaka
Jungle/Grey Nightjar,Caprimulgus indicus/jotaka
Eurasian Nightjar (European Nightjar),Caprimulgus europaeus
Sykes's Nightjar,Caprimulgus mahrattensis
Large-tailed Nightjar,Caprimulgus macrurus
Andaman Nightjar,Caprimulgus andamanicus
Jerdon's Nightjar,Caprimulgus atripennis
Indian Nightjar,Caprimulgus asiaticus
Savanna Nightjar,Caprimulgus affinis
Caprimulgus old world nightjar sp.,Caprimulgus sp.
nightjar sp.,Caprimulgidae sp.
White-rumped Needletail (White-rumped Spinetail),Zoonavena sylvatica
White-throated Needletail,Hirundapus caudacutus
Silver-backed Needletail,Hirundapus cochinchinensis
Brown-backed Needletail,Hirundapus giganteus
Hirundapus needletail sp.,Hirundapus sp.
Plume-toed Swift (Andaman Glossy Swiftlet),Collocalia affinis
Indian Swiftlet,Aerodramus unicolor
Himalayan Swiftlet,Aerodramus brevirostris
White-nest Swiftlet (Edible-nest Swiftlet),Aerodramus fuciphagus
White-nest/Germain's Swiftlet (Edible-nest Swiftlet),Aerodramus fuciphagus/germani
dark swiftlet sp.,Aerodramus sp.
swiftlet sp.,Collocalia/Aerodramus sp.
Alpine Swift,Apus melba
Common Swift,Apus apus
Pacific Swift,Apus pacificus
Blyth's Swift (Fork-tailed Swift),Apus leuconyx
fork-tailed swift sp.,Apus pacificus/salimalii/leuconyx/cooki
Dark-rumped Swift,Apus acuticauda
Little Swift (Indian House Swift),Apus affinis
House Swift (Nepal House Swift),Apus nipalensis
Little/House Swift,Apus affinis/nipalensis
Apus swift sp.,Apus sp.
Asian Palm-Swift,Cypsiurus balasiensis
large swift sp.,Apodidae sp. (large swift sp.)
small swift sp.,Apodidae sp. (small swift sp.)
swift sp.,Apodidae sp.
Crested Treeswift,Hemiprocne coronata
treeswift sp.,Hemiprocne sp.
Water Rail,Rallus aquaticus
Brown-cheeked Rail,Rallus indicus
Corn Crake,Crex crex
Slaty-breasted Rail,Lewinia striata
Spotted Crake,Porzana porzana
Eurasian Moorhen,Gallinula chloropus
Eurasian Moorhen/Common Gallinule,Gallinula chloropus/galeata
Eurasian Coot,Fulica atra
Eurasian/Red-knobbed Coot,Fulica atra/cristata
coot sp.,Fulica sp.
Grey-headed Swamphen (Purple Swamphen),Porphyrio poliocephalus
Black-backed/Grey-headed Swamphen,Porphyrio indicus/poliocephalus
swamphen sp.,Porphyrio sp. (swamphen sp.)
moorhen/coot/gallinule sp.,Gallinula/Fulica/Porphyrio sp.
White-browed Crake,Poliolimnas cinereus
Watercock,Gallicrex cinerea
White-breasted Waterhen,Amaurornis phoenicurus
Andaman Crake,Rallina canningi
Great Nicobar Crake (undescribed form),Rallina [undescribed form]
Red-legged Crake,Rall
Slaty-legged Crake,Rallina eurizonoides
Ruddy-breasted Crake,Zapornia fusca
Brown Crake,Zapornia akool
Little Crake,Zapornia parva
Baillon's Crake,Zapornia pusilla
Spotted/Little/Baillon's Crake,Porzana porzana/Zapornia parva/pusilla
Black-tailed Crake,Zapornia bicolor
Zapornia rail/crake sp.,Zapornia sp.
rail/crake sp.,Rallidae sp. (rail/crake sp.)
Masked Finfoot,Heliopais personatus
Demoiselle Crane,Anthropoides virgo
Siberian Crane,Leucogeranus leucogeranus
Sarus Crane,Antigone antigone
Common Crane,Grus grus
Black-necked Crane,Grus nigricollis
crane sp.,Gruidae sp.
Indian Thick-knee (Indian Stone-curlew),Burhinus indicus
Great Thick-knee (Great Stone-curlew),Esacus recurvirostris
Beach Thick-knee (Beach Stone-curlew),Esacus magnirostris
Black-winged Stilt,Himantopus himantopus
Pied Avocet,Recurvirostra avosetta
Ibisbill,Ibidorhyncha struthersii
Eurasian Oystercatcher,Haematopus ostralegus
Black-bellied Plover (Grey Plover),Pluvialis squatarola
European Golden-Plover,Pluvialis apricaria
American Golden-Plover,Pluvialis dominica
Pacific Golden-Plover,Pluvialis fulva
American/Pacific Golden-Plover (Lesser Golden-Plover),Pluvialis dominica/fulva
golden-plover sp.,Pluvialis apricaria/dominica/fulva
Black-bellied Plover/golden-plover sp.,Pluvialis sp.
Northern Lapwing,Vanellus vanellus
River Lapwing,Vanellus duvaucelii
Yellow-wattled Lapwing,Vanellus malabaricus
Grey-headed Lapwing,Vanellus cinereus
Red-wattled Lapwing,Vanellus indicus
Sociable Lapwing,Vanellus gregarius
White-tailed Lapwing,Vanellus leucurus
lapwing sp.,Vanellus sp.
Lesser Sand-Plover,Charadrius mongolus
Greater Sand-Plover,Charadrius leschenaultii
Lesser/Greater Sand-Plover,Charadrius mongolus/leschenaultii
Caspian Plover,Charadrius asiaticus
Kentish Plover,Charadrius alexandrinus
Common Ringed Plover,Charadrius hiaticula
Common Ringed/Semipalmated Plover,Charadrius hiaticula/semipalmatus
Long-billed Plover,Charadrius placidus
Little Ringed Plover,Charadrius dubius
Common/Little Ringed Plover,Charadrius hiaticula/dubius
Oriental Plover,Charadrius veredus
small plover sp.,Charadrius sp.
plover sp.,Charadriidae sp.
Greater Painted-Snipe,Rostratula benghalensis
Pheasant-tailed Jacana,Hydrophasianus chirurgus
Bronze-winged Jacana,Metopidius indicus
jacana sp.,Jacanidae sp.
Whimbrel,Numenius phaeopus
Eurasian Curlew,Numenius arquata
Whimbrel/Eurasian Curlew,Numenius phaeopus/arquata
curlew sp.,Numenius sp.
Bar-tailed Godwit,Limosa lapponica
Black-tailed Godwit,Limosa limosa
Bar-tailed/Black-tailed Godwit,Limosa lapponica/limosa
godwit sp.,Limosa sp.
Ruddy Turnstone,Arenaria interpres
Great Knot,Calidris tenuirostris
Red Knot,Calidris canutus
Great/Red Knot,Calidris tenuirostris/canutus
Ruff,Calidris pugnax
Broad-billed Sandpiper,Calidris falcinellus
Sharp-tailed Sandpiper,Calidris acuminata
Curlew Sandpiper,Calidris ferruginea
Temminck's Stint,Calidris temminckii
Long-toed Stint,Calidris subminuta
Spoon-billed Sandpiper,Calidris pygmaea
Red-necked Stint,Calidris ruficollis
Sanderling,Calidris alba
Dunlin,Calidris alpina
Curlew Sandpiper/Dunlin,Calidris ferruginea/alpina
Little Stint,Calidris minuta
Red-necked/Little Stint,Calidris ruficollis/minuta
Buff-breasted Sandpiper,Calidris subruficollis
Pectoral Sandpiper,Calidris melanotos
Stint sp. (Calidris sp.),Calidris sp. (peep sp.)
Calidris stint/sandpiper sp.,Calidris sp.
Asian Dowitcher,Limnodromus semipalmatus
Long-billed Dowitcher,Limnodromus scolopaceus
Jack Snipe,Lymnocryptes minimus
Eurasian Woodcock,Scolopax rusticola
Solitary Snipe,Gallinago solitaria
Wood Snipe,Gallinago nemoricola
Great Snipe,Gallinago media
Common Snipe,Gallinago gallinago
Pin-tailed Snipe,Gallinago stenura
Common/Pin-tailed Snipe,Gallinago gallinago/stenura
Swinhoe's Snipe,Gallinago megala
Pin-tailed/Swinhoe's Snipe,Gallinago stenura/megala
snipe sp.,Gallinago sp.
Terek Sandpiper,Xenus cinereus
Red-necked Phalarope,Phalaropus lobatus
Red Phalarope,Phalaropus fulicarius
Red-necked/Red Phalarope,Phalaropus lobatus/fulicarius
phalarope sp.,Phalaropus sp.
Common Sandpiper,Actitis hypoleucos
Common/Spotted Sandpiper,Actitis hypoleucos/macularius
Green Sandpiper,Tringa ochropus
Grey-tailed Tattler,Tringa brevipes
Spotted Redshank,Tringa erythropus
Common Greenshank,Tringa nebularia
Nordmann's Greenshank,Tringa guttifer
Marsh Sandpiper,Tringa stagnatilis
Wood Sandpiper,Tringa glareola
Common Redshank,Tringa totanus
Spotted/Common Redshank,Tringa erythropus/totanus
Tringa sandpiper sp.,Tringa sp.
Scolopacidae sp.,Scolopacidae sp.
large shorebird sp.,Scolopacidae sp. (large shorebird sp.)
Small Buttonquail (Common Buttonquail),Turnix sylvaticus
Yellow-legged Buttonquail,Turnix tanki
Barred Buttonquail,Tur
buttonquail sp.,Turnix sp.
Crab-Plover,Dromas ardeola
Cream-colored Courser,Cursorius cursor
Indian Courser,Cursorius coromandelicus
Jerdon's Courser,Rhinoptilus bitorquatus
Collared Pratincole,Glareola pratincola
Oriental Pratincole,Glareola maldivarum
Collared/Oriental Pratincole,Glareola pratincola/maldivarum
Collared/Black-winged Pratincole,Glareola pratincola/nordmanni
Small Pratincole,Glareola lactea
pratincole sp.,Glareola sp.
shorebird sp.,Charadriiformes sp.
South Polar Skua,Stercorarius maccormicki
Brown Skua,Stercorarius antarcticus
skua sp.,Stercorarius sp. (skua sp.)
Pomarine Jaeger (Pomarine Skua),Stercorarius pomarinus
Parasitic Jaeger (Arctic Skua),Stercorarius parasiticus
Pomarine/Parasitic Jaeger,Stercorarius pomarinus/parasiticus
Long-tailed Jaeger,Stercorarius longicaudus
Pomarine/Long-tailed Jaeger,Stercorarius pomarinus/longicaudus
jaeger sp.,Stercorarius sp. (jaeger sp.)
jaeger/skua sp.,Stercorarius sp.
Black-legged Kittiwake,Rissa tridactyla
Sabine's Gull,Xema sabini
Slender-billed Gull,Chroicocephalus genei
Black-headed Gull,Chroicocephalus ridibundus
Slender-billed x Black-headed Gull (hybrid),Chroicocephalus genei x ridibundus
Brown-headed Gull,Chroicocephalus brunnicephalus
Black-headed/Brown-headed Gull,Chroicocephalus ridibundus/brunnicephalus
Little Gull,Hydrocoloeus minutus
Franklin's Gull,Leucophaeus pipixcan
White-eyed Gull,Ichthyaetus leucophthalmus
Sooty Gull,Ichthyaetus hemprichii
Pallas's Gull,Ichthyaetus ichthyaetus
Common Gull,Larus canus
Herring Gull,Larus argentatus
Caspian Gull,Larus cachinnans
Yellow-legged/Caspian Gull,Larus michahellis/cachinnans
Lesser Black-backed Gull,Larus fuscus
white-winged gull sp.,Larus sp. (white-winged gull sp.)
Larus gull sp.,Larus sp.
gull sp.,Larinae sp.
Brown Noddy,Anous stolidus
Black Noddy,Anous minutus
Brown/Black Noddy,Anous stolidus/minutus
Lesser Noddy,Anous tenuirostris
White Tern,Gygis alba
Sooty Tern,Onychoprion fuscatus
Bridled Tern,Onychoprion anaethetus
Sooty/Bridled Tern,Onychoprion fuscatus/anaethetus
Little Tern,Sternula albifrons
Little/Least Tern,Sternula albifrons/antillarum
Saunders's Tern,Sternula saundersi
Little/Saunders's Tern,Sternula albifrons/saundersi
Gull-billed Tern,Gelochelidon nilotica
Caspian Tern,Hydroprogne caspia
Black Tern,Chlidonias niger
White-winged Tern,Chlidonias leucopterus
Whiskered Tern,Chlidonias hybrida
Chlidonias tern sp.,Chlidonias sp.
Roseate Tern,Sterna dougallii
Black-naped Tern,Sterna sumatrana
Common Tern,Sterna hirundo
Arctic Tern,Sterna paradisaea
Black-bellied Tern,Sterna acuticauda
River Tern,Sterna aurantia
Black-bellied/River Tern,Sterna acuticauda/aurantia
White-cheeked Tern,Sterna repressa
Sterna tern sp.,Sterna sp.
Great Crested Tern,Thalasseus bergii
Sandwich Tern,Thalasseus sandvicensis
Lesser Crested Tern,Thalasseus bengalensis
Thalasseus tern sp.,Thalasseus sp.
large tern sp.,Hydroprogne/Thalasseus sp.
tern sp.,Sterninae sp.
Indian Skimmer,Rynchops albicollis
gull/tern/skimmer sp.,Laridae sp.
White-tailed Tropicbird,Phaethon lepturus
Red-billed Tropicbird,Phaethon aethereus
Red-tailed Tropicbird,Phaethon rubricauda
tropicbird sp.,Phaethon sp.
Red-throated Loon,Gavia stellata
Arctic Loon,Gavia arctica
Wilson's Storm-Petrel,Oceanites oceanicus
White-faced Storm-Petrel,Pelagodroma marina
Black-bellied Storm-Petrel,Fregetta tropica
Swinhoe's Storm-Petrel,Hydrobates monorhis
Oceanodroma storm-petrel sp.,Hydrobates sp.
storm-petrel sp. (white-rumped),Oceanitidae/Hydrobatidae sp. (white-rumped)
storm-petrel sp.,Oceanitidae/Hydrobatidae sp.
Barau's Petrel,Pterodroma baraui
Jouanin's Petrel,Bulweria fallax
Streaked Shearwater,Calonectris leucomelas
Cory's Shearwater,Calonectris diomedea
Flesh-footed Shearwater,Ardenna carneipes
Wedge-tailed Shearwater,Ardenna pacifica
Short-tailed Shearwater,Ardenna tenuirostris
Tropical Shearwater,Puffinus bailloni
Persian Shearwater,Puffinus persicus
shearwater sp.,Procellariidae sp. (shearwater sp.)
Procellariid sp.,Procellariidae sp.
Asian Openbill,Anast
Black Stork,Ciconia nigra
Woolly-necked Stork,Ciconia episcopus
White Stork,Ciconia ciconia
Ciconia stork sp.,Ciconia sp.
Black-necked Stork,Ephippiorhynchus asiaticus
Lesser Adjutant,Leptoptilos javanicus
Greater Adjutant,Leptoptilos dubius
Lesser/Greater Adjutant,Leptoptilos javanicus/dubius
Painted Stork,Mycteria leucocephala
stork sp.,Ciconiidae sp.
Lesser Frigatebird,Fregata ariel
Christmas Island Frigatebird,Fregata andrewsi
Great Frigatebird,Fregata minor
frigatebird sp.,Fregata sp.
Masked Booby,Sula dactylatra
Brown Booby,Sula leucogaster
Red-footed Booby,Sula sula
Oriental Darter,Anhinga melanogaster
Little Cormorant,Microcarbo niger
Great Cormorant,Phalacrocorax carbo
Indian Cormorant (Indian Shag),Phalacroco
Little/Indian Cormorant,Microcarbo niger/Phalacroco
cormorant sp.,Phalacrocoracidae sp.
Great White Pelican (Rosy Pelican),Pelecanus onocrotalus
Spot-billed Pelican,Pelecanus philippensis
Dalmatian Pelican,Pelecanus crispus
pelican sp.,Pelecanus sp.
Great Bittern,Botaurus stellaris
Yellow Bittern,Ixobrychus sinensis
Little Bittern,Ixobrychus minutus
Cinnamon Bittern,Ixobrychus cinnamomeus
Yellow/Cinnamon Bittern,Ixobrychus sinensis/cinnamomeus
Black Bittern,Ixobrychus flavicollis
small bittern sp.,Ixobrychus sp.
Grey Heron,Ardea cinerea
White-bellied Heron,Ardea insignis
Goliath Heron,Ardea goliath
Purple Heron,Ardea purpurea
Grey/Purple Heron,Ardea cinerea/purpurea
Great Egret,Ardea alba
Intermediate Egret,Ardea intermedia
Great/Intermediate Egret,Ardea alba/intermedia
Ardea heron sp.,Ardea sp.
Chinese Egret,Egretta eulophotes
Little Egret,Egretta garzetta
Western Reef-Heron (Western Reef-Egret),Egretta gularis
Little Egret x Western Reef-Heron (hybrid),Egretta garzetta x gularis
Little Egret/Western Reef-Heron,Egretta garzetta/gularis
Pacific Reef-Heron (Pacific Reef-Egret),Egretta sacra
Cattle Egret,Bubulcus ibis
Intermediate/Cattle Egret,Ardea intermedia/Bubulcus ibis
white egret sp.,Ardea/Egretta/Bubulcus sp.
Indian Pond-Heron,Ardeola grayii
Chinese Pond-Heron,Ardeola bacchus
Javan Pond-Heron,Ardeola speciosa
pond-heron sp.,Ardeola sp.
Striated Heron (Little Heron),Butorides striata
Black-crowned Night-Heron,Nycticorax nycticorax
White-eared Night-Heron,Gorsachius magnificus
Malayan Night-Heron,Gorsachius melanolophus
heron sp.,Ardeidae sp.
Glossy Ibis,Plegadis falcinellus
Black-headed Ibis,Threskiornis melanocephalus
Red-naped Ibis (Indian Black Ibis),Pseudibis papillosa
ibis sp.,Threskiornithidae sp. (ibis sp.)
Eurasian Spoonbill,Platalea leucorodia
spoonbill sp.,Platalea sp.
Osprey,Pandion haliaetus
Black-winged Kite (Black-shouldered Kite),Elanus caeruleus
Bearded Vulture (Lammergeier),Gypaetus barbatus
Egyptian Vulture,Neophron percnopterus
European Honey-buzzard,Pernis apivorus
Oriental Honey-buzzard (Crested Honey Buzzard),Pernis ptilorhynchus
European x Oriental Honey-buzzard (hybrid),Pernis apivorus x ptilorhynchus
European/Oriental Honey-buzzard,Pernis apivorus/ptilorhynchus
Jerdon's Baza,Aviceda jerdoni
Black Baza,Aviceda leuphotes
Red-headed Vulture,Sarcogyps calvus
Cinereous Vulture,Aegypius monachus
White-rumped Vulture,Gyps bengalensis
Indian Vulture (Indian Long-billed Vulture),Gyps indicus
Slender-billed Vulture (Himalayan Long-billed Vulture),Gyps tenuirostris
Himalayan Griffon (Himalayan Vulture),Gyps himalayensis
Eurasian Griffon (Griffon Vulture),Gyps fulvus
Himalayan/Eurasian Griffon,Gyps himalayensis/fulvus
Gyps vulture sp.,Gyps sp.
old world vulture sp.,Accipitridae sp. (old world vulture sp.)
Nicobar Serpent-Eagle,Spilornis klossi
Crested Serpent-Eagle,Spilornis cheela
Andaman Serpent-Eagle,Spilornis elgini
Short-toed Snake-Eagle,Circaetus gallicus
Changeable Hawk-Eagle,Nisaetus cirrhatus
Mountain Hawk-Eagle,Nisaetus nipalensis
Legge's Hawk-Eagle,Nisaetus kelaarti
Nisaetus hawk-eagle sp.,Nisaetus sp.
Rufous-bellied Eagle,Lophotriorchis kienerii
Black Eagle,Ictinaetus malaiensis
Indian Spotted Eagle,Clanga hastata
Greater Spotted Eagle,Clanga clanga
Lesser/Greater Spotted Eagle,Clanga pomarina/clanga
Indian/Greater Spotted Eagle,Clanga hastata/clanga
Booted Eagle,Hieraaetus pennatus
Tawny Eagle,Aquila rapax
Steppe Eagle,Aquila nipalensis
Tawny/Steppe Eagle,Aquila rapax/nipalensis
Imperial Eagle,Aquila heliaca
Golden Eagle,Aquila chrysaetos
Bonelli's Eagle,Aqu
Aquila eagle sp.,Aquila sp.
Clanga/Aquila sp.,Clanga/Aquila sp.
White-eyed Buzzard,Butastur teesa
Rufous-winged Buzzard,Butastur liventer
Grey-faced Buzzard,Butastur indicus
Eurasian Marsh-Harrier,Circus aeruginosus
Eastern Marsh-Harrier,Circus spilonotus
Eurasian/Eastern Marsh-Harrier,Circus aeruginosus/spilonotus
Hen Harrier,Circus cyaneus
Pallid Harrier,Circus macrourus
Pied Harrier,Circus melanoleucos
Montagu's Harrier,Circus pygargus
Hen/Montagu's Harrier,Circus cyaneus/pygargus
Pallid/Montagu's Harrier,Circus macrourus/pygargus
harrier sp.,Circus sp.
Crested Goshawk,Accipiter trivirgatus
Shikra,Accipiter badius
Nicobar Sparrowhawk,Accipiter butleri
Chinese Sparrowhawk,Accipiter soloensis
Japanese Sparrowhawk,Accipiter gularis
Besra,Accipiter virgatus
Japanese Sparrowhawk/Besra,Accipiter gularis/virgatus
Crested Goshawk/Besra,Accipiter trivirgatus/virgatus
Eurasian Sparrowhawk,Accipiter nisus
Levant/Eurasian Sparrowhawk,Accipiter brevipes/nisus
Northern Goshawk,Accipiter gentilis
Accipiter hawk/goshawk/sparrowhawk sp.,Accipiter sp.
Red Kite,Milvus milvus
Black Kite,Milvus migrans
Brahminy Kite,Haliastur indus
Black/Brahminy Kite,Milvus migrans/Haliastur indus
White-tailed Eagle,Haliaeetus albicilla
Pallas's Fish-Eagle,Haliaeetus leucoryphus
White-bellied Sea-Eagle,Haliaeetus leucogaster
Lesser Fish-Eagle,Haliaeetus humilis
Grey-headed Fish-Eagle,Haliaeetus ichthyaetus
Lesser/Grey-headed Fish-Eagle,Haliaeetus humilis/ichthyaetus
Rough-legged Hawk,Buteo lagopus
Common Buzzard,Buteo buteo
Himalayan Buzzard,Buteo refectus
Common/Himalayan Buzzard,Buteo buteo/refectus
Common/Himalayan/Eastern Buzzard,Buteo buteo/refectus/japonicus
Himalayan/Eastern Buzzard,Buteo refectus/japonicus
Long-legged Buzzard,Buteo rufinus
Common/Long-legged Buzzard,Buteo buteo/rufinus
Upland Buzzard,Buteo hemilasius
Long-legged/Upland Buzzard,Buteo rufinus/hemilasius
Buteo hawk/buzzard sp.,Buteo sp.
Buteo/eagle sp.,Buteo/eagle sp.
hawk sp.,Accipitridae sp. (hawk sp.)
eagle sp.,Accipitridae sp. (eagle sp.)
Australasian Grass-Owl (Grass Owl),Tyto longimembris
Barn Owl,Tyto alba
Andaman Masked-Owl,Tyto deroepstorffi
Oriental Bay-Owl,Phodilus badius
Sri Lanka Bay-Owl,Phodilus assimilis
Andaman Scops-Owl,Otus balli
Mountain Scops-Owl,Otus spilocephalus
Indian Scops-Owl (Collared Scops-Owl),Otus bakkamoena
Collared Scops-Owl,Otus lettia
Nicobar Scops-Owl,Otus alius
Eurasian Scops-Owl,Otus scops
Pallid Scops-Owl,Otus brucei
Eurasian/Pallid Scops-Owl,Otus scops/brucei
Oriental Scops-Owl,Otus sunia
scops-owl sp.,Otus sp.
Eurasian Eagle-Owl,Bubo bubo
Rock Eagle-Owl (Indian Eagle-Owl),Bubo bengalensis
Spot-bellied Eagle-Owl,Bubo nipalensis
Dusky Eagle-Owl,Bubo coromandus
Bubo owl sp.,Bubo sp.
Brown Fish-Owl,Ketupa zeylonensis
Tawny Fish-Owl,Ketupa flavipes
Buffy Fish-Owl,Ketupa ketupu
Asian Barred Owlet,Glaucidium cuculoides
Jungle Owlet,Glaucidium radiatum
Asian Barred/Jungle Owlet,Glaucidium cuculoides/radiatum
Collared Owlet,Taenioptynx brodiei
Spotted Owlet,Athene brama
Little Owl,Athene noctua
Forest Owlet,Athene blewitti
Mottled Wood-Owl,Strix ocellata
Brown Wood-Owl,Strix leptogrammica
Tawny Owl,Strix aluco
Himalayan Owl,Strix nivicolum
Long-eared Owl,Asio otus
Short-eared Owl,Asio flammeus
Boreal Owl,Aegolius funereus
Andaman Hawk-Owl,Ninox affinis
Brown Hawk-Owl,Ninox scutulata
Hume's Hawk-Owl,Ninox obscura
Brown/Northern Boobook,Ninox scutulata/japonica
owl sp.,Strigiformes sp.
Malabar Trogon,Harpac
Red-headed Trogon,Harpactes erythrocephalus
Ward's Trogon,Harpactes wardi
Eurasian Hoopoe,Upupa epops
Tockus hornbill sp.,Tockus sp.
Great Hornbill (Great Pied Hornbill),Buceros bicornis
Brown Hornbill,Anorrhinus austeni
Indian Grey Hornbill,Ocyceros birostris
Malabar Grey Hornbill,Ocyceros griseus
Indian/Malabar Grey Hornbill,Ocyceros birostris/griseus
Malabar Pied-Hornbill,Anthracoceros coronatus
Oriental Pied-Hornbill,Anthracoceros albirostris
Rufous-necked Hornbill,Aceros nipalensis
Wreathed Hornbill,Rhyticeros undulatus
Narcondam Hornbill,Rhyticeros narcondami
hornbill sp.,Bucerotidae sp.
Blyth's Kingfisher,Alcedo hercules
Common Kingfisher (Small Blue Kingfisher),Alcedo atthis
Blue-eared Kingfisher,Alcedo meninting
Black-backed Dwarf-Kingfisher (Oriental Dwarf Kingfisher),Ceyx erithaca
Rufous-backed Dwarf-Kingfisher,Ceyx rufidorsa
Brown-winged Kingfisher,Pelargopsis amauroptera
Stork-billed Kingfisher,Pelargopsis capensis
Ruddy Kingfisher,Halcyon coromanda
White-throated Kingfisher,Halcyon smyrnensis
Black-capped Kingfisher,Halcyon pileata
Collared Kingfisher,Todiramphus chloris
Crested Kingfisher,Megaceryle lugubris
Pied Kingfisher,Ceryle rudis
kingfisher sp.,Alcedinidae sp.
Blue-bearded Bee-eater,Nyctyornis athertoni
Green Bee-eater,Merops orientalis
Blue-throated Bee-eater,Merops viridis
Blue-cheeked Bee-eater,Merops persicus
Blue-tailed Bee-eater,Merops philippinus
Blue-cheeked/Blue-tailed Bee-eater,Merops persicus/philippinus
European Bee-eater,Merops apiaster
Chestnut-headed Bee-eater,Merops leschenaulti
bee-eater sp.,Merops sp.
European Roller,Coracias garrulus
Indian Roller,Coracias benghalensis
European/Indian Roller,Coracias garrulus/benghalensis
Indochinese Roller (Black-billed Roller),Coracias affinis
Indian x Indochinese (Black-billed) Roller (hybrid),Coracias benghalensis x affinis
Indian/Indochinese Roller,Coracias benghalensis/affinis
roller sp.,Coracias sp.
Oriental Dollarbird,Eurystomus orientalis
Malabar Barbet (Crimson-throated Barbet),Psilopogon malabaricus
Coppersmith Barbet,Psilopogon haemacephalus
Malabar/Coppersmith Barbet,Psilopogon malabaricus/haemacephalus
Blue-eared Barbet,Psilopogon duvaucelii
Great Barbet,Psilopogon virens
Lineated Barbet,Psilopogon lineatus
Brown-headed Barbet (Large Green Barbet),Psilopogon zeylanicus
White-cheeked Barbet (Small Green Barbet),Psilopogon viridis
Brown-headed/White-cheeked Barbet,Psilopogon zeylanicus/viridis
Golden-throated Barbet,Psilopogon franklinii
Blue-throated Barbet,Psilopogon asiaticus
Psilopogon asian barbet sp.,Psilopogon sp.
asian barbet sp.,Megalaimidae sp.
Yellow-rumped Honeyguide,Indicator xanthonotus
Eurasian Wryneck,Jynx torquilla
Speckled Piculet,Picumnus innominatus
White-browed Piculet,Sasia ochracea
Heart-spotted Woodpecker,Hemicircus canente
Brown-capped Pygmy Woodpecker (Indian Pygmy Woodpecker),Yungipicus nanus
Grey-capped Pygmy Woodpecker,Yungipicus canicapillus
Brown-capped/Grey-capped PygmyWoodpecker,Yungipicus nanus/canicapillus
Yellow-crowned Woodpecker,Leiopicus mahrattensis
Brown-fronted Woodpecker,Dendrocoptes auriceps
Rufous-bellied Woodpecker,Dendrocopos hyperythrus
Fulvous-breasted Woodpecker,Dendrocopos macei
Freckle-breasted Woodpecker (Spot-breasted Woodpecker),Dendrocopos analis
Stripe-breasted Woodpecker,Dendrocopos atratus
Darjeeling Woodpecker,Dendrocopos darjellensis
Great Spotted Woodpecker,Dendrocopos major
Himalayan Woodpecker,Dendrocopos himalayensis
Sind Woodpecker,Dendrocopos assimilis
Dendrocopus woodpecker sp.,Dendrocopos sp.
Crimson-breasted Woodpecker,Dryobates cathpharius
Darjeeling/Crimson-breasted Woodpecker,Dendrocopos darjellensis/Dryobates cathpharius
Bay Woodpecker,Blythipicus pyrrhotis
Greater Flameback,Chrysocolaptes guttacristatus
White-naped Woodpecker,Chrysocolaptes festivus
Rufous Woodpecker,Micropternus brachyurus
Pale-headed Woodpecker,Gecinulus grantia
Himalayan Flameback,Dinopium shorii
Common Flameback (Goldenbacked Three-toed Woodpecker),Dinopium javanense
Greater/Common Flameback,Chrysocolaptes guttacristatus/Dinopium javanense
Himalayan/Common Flameback,Dinopium shorii/javanense
Black-rumped Flameback (Lesser Goldenbacked Woodpecker),Dinopium benghalense
Black-rumped/Red-backed Flameback,Dinopium benghalense/psarodes
flameback sp.,Chrysocolaptes/Dinopium sp.
Lesser Yellownape,Picus chlorolophus
Streak-throated Woodpecker,Picus xanthopygaeus
Scaly-bellied Woodpecker,Picus squamatus
Grey-headed Woodpecker,Picus canus
Picus woodpecker sp.,Picus sp.
Greater Yellownape,Chrysophlegma flavinucha
Lesser/Greater Yellownape,Picus chlorolophus/Chrysophlegma flavinucha
Great Slaty Woodpecker,Mulleripicus pulverulentus
White-bellied Woodpecker (Great Black Woodpecker),Dryocopus javensis
Andaman Woodpecker,Dryocopus hodgei
woodpecker sp.,Picidae sp.
Collared Falconet,Microhierax caerulescens
Pied Falconet,Microhierax melanoleucos
Lesser Kestrel,Falco naumanni
Eurasian Kestrel (Common Kestrel),Falco tinnunculus
Lesser/Eurasian Kestrel,Falco naumanni/tinnunculus
Red-necked Falcon,Falco chicquera
Amur Falcon,Falco amurensis
Merlin,Falco columbarius
Eurasian Hobby,Falco subbuteo
Oriental Hobby,Falco severus
Laggar Falcon,Falco jugger
Saker Falcon,Falco cherrug
Peregrine Falcon,Falco peregrinus
large falcon sp.,Falco sp. (large falcon sp.)
small falcon sp.,Falco sp. (small falcon sp.)
falcon sp.,Falco sp.
diurnal raptor sp.,Accipitriformes/Falconiformes sp.
Alexandrine Parakeet,Psittacula eupatria
Rose-ringed Parakeet,Psittacula krameri
Alexandrine/Rose-ringed Parakeet,Psittacula eupatria/krameri
Slaty-headed Parakeet,Psittacula himalayana
Grey-headed Parakeet,Psittacula finschii
Plum-headed Parakeet,Psittacula cyanocephala
Blossom-headed Parakeet,Psittacula roseata
Malabar Parakeet (Blue-winged Parakeet),Psittacula columboides
Derbyan Parakeet,Psittacula derbiana
Red-breasted Parakeet,Psittacula alexandri
Nicobar Parakeet,Psittacula caniceps
Long-tailed Parakeet,Psittacula longicauda
Psittacula parakeet sp.,Psittacula sp.
Budgerigar (Domestic type),Melopsittacus undulatus (Domestic type)
Vernal Hanging-Parrot (Indian Lorikeet),Loriculus vernalis
parakeet sp.,Psittaciformes sp. (parakeet sp.)
Long-tailed Broadbill,Psarisomus dalhousiae
Silver-breasted Broadbill,Serilophus lunatus
Blue-naped Pitta,Hydrornis nipalensis
Blue Pitta,Hydrornis cyaneus
Indian Pitta,Pitta brachyura
Blue-winged Pitta,Pitta moluccensis
Hooded Pitta,Pitta sordida
Mangrove Pitta,Pitta megarhyncha
Pitta sp. (genus Pitta),Pitta sp.
pitta sp. (genus Erythropitta/Hydrornis/Pitta),Pittidae sp.
Phylloscartes tyrannulet sp.,Phylloscartes sp.
White-bellied Minivet,Pericrocotus erythropygius
Small Minivet,Pericrocotus cinnamomeus
Grey-chinned Minivet,Pericrocotus solaris
Short-billed Minivet,Pericrocotus brevirostris
Long-tailed Minivet,Pericrocotus ethologus
Orange Minivet,Pericrocotus flammeus
Scarlet Minivet,Pericrocotus speciosus
Ashy Minivet,Pericrocotus divaricatus
Brown-rumped Minivet,Pericrocotus cantonensis
Ashy/Brown-rumped Minivet,Pericrocotus divaricatus/cantonensis
Rosy Minivet,Pericrocotus roseus
minivet sp. (red minivet sp.),Pericrocotus sp. (red minivet sp.)
minivet sp.,Pericrocotus sp.
Large Cuckooshrike,Coracina macei
Andaman Cuckooshrike,Coracina dobsoni
Coracina cuckooshrike sp.,Coracina sp.
Pied Triller,Lalage nigra
Black-winged Cuckooshrike,Lalage melaschistos
Black-headed Cuckooshrike,Lalage melanoptera
cuckooshrike sp.,Campephagidae sp.
Black-headed Shrike-Babbler,Pteruthius rufiventer
Himalayan Shrike-Babbler (Himalayan White-browed Shrike-Babbler),Pteruthius ripleyi
Blyth's Shrike-Babbler (Blyth's White-browed Shrike-Babbler),Pteruthius aeralatus
Green Shrike-Babbler,Pteruthius xanthochlorus
Black-eared Shrike-Babbler,Pteruthius melanotis
Clicking Shrike-Babbler,Pteruthius intermedius
shrike-babbler sp.,Pteruthius sp.
White-bellied Erpornis (White-bellied Yuhina),Erpornis zantholeuca
Mangrove Whistler,Pachycephala cinerea
Eurasian Golden Oriole,Oriolus oriolus
Indian Golden Oriole,Oriolus kundoo
Eurasian/Indian Golden Oriole,Oriolus oriolus/kundoo
Black-naped Oriole,Oriolus chinensis
Indian Golden/Black-naped Oriole,Oriolus kundoo/chinensis
Slender-billed Oriole,Oriolus tenuirostris
Black-hooded Oriole,Oriolus xanthornus
Maroon Oriole,Oriolus traillii
old world oriole sp.,Oriolus sp.
Ashy Woodswallow,Artamus fuscus
White-breasted Woodswallow,Artamus leucorynchus
Malabar Woodshrike,Tephrodornis sylvicola
Large Woodshrike,Tephrodornis virgatus
Common Woodshrike,Tephrodornis pondicerianus
Malabar/Common Woodshrike,Tephrodornis sylvicola/pondicerianus
Large/Common Woodshrike,Tephrodornis virgatus/pondicerianus
Bar-winged Flycatcher-shrike,Hemipus picatus
Common Iora,Aegithina tiphia
White-tailed Iora (Marshall's Iora),Aegithina nigrolutea
Common/White-tailed Iora,Aegithina tiphia/nigrolutea
White-throated Fantail,Rhipidura albicollis
Spot-breasted Fantail (White-spotted Fantail),Rhipidura albogularis
White-throated/Spot-breasted Fantail,Rhipidura albicollis/albogularis
White-browed Fantail,Rhipidura aureola
White-throated/White-browed Fantail,Rhipidura albicollis/aureola
Spot-breasted/White-browed Fantail,Rhipidura albogularis/aureola
fantail sp.,Rhipidura sp.
Black Drongo,Dicrurus macrocercus
Ashy Drongo,Dicrurus leucophaeus
Black/Ashy Drongo,Dicrurus macrocercus/leucophaeus
White-bellied Drongo,Dicrurus caerulescens
Crow-billed Drongo,Dicrurus annectens
Bronzed Drongo,Dicrurus aeneus
Lesser Racket-tailed Drongo,Dicrurus remifer
Hair-crested Drongo (Spangled Drongo),Dicrurus hottentottus
Andaman Drongo,Dicrurus andamanensis
Greater Racket-tailed Drongo,Dicrurus paradiseus
Lesser/Greater Racket-tailed Drongo,Dicrurus remifer/paradiseus
drongo sp.,Dicrurus sp.
Black-naped Monarch,Hypothymis azurea
Amur Paradise-Flycatcher,Terpsiphone incei
Blyth's Paradise-Flycatcher,Terpsiphone affinis
Indian Paradise-Flycatcher,Terpsiphone paradisi
Blyth's/Indian Paradise-Flycatcher,Terpsiphone affinis/paradisi
Amur/Blyth's/Indian Paradise-Flycatcher,Terpsiphone incei/affinis/paradisi
paradise-flycatcher sp.,Terpsiphone sp.
Red-backed Shrike,Lanius collurio
Red-tailed Shrike,Lanius phoenicuroides
Red-backed x Red-tailed Shrike (hybrid),Lanius collurio x phoenicuroides
Isabelline Shrike,Lanius isabellinus
Red-tailed/Isabelline Shrike,Lanius phoenicuroides/isabellinus
Brown Shrike,Lanius cristatus
Red-tailed/Isabelline/Brown Shrike,Lanius phoenicuroides/isabellinus/cristatus
Burmese Shrike,Lanius collurioides
Bay-backed Shrike,Lanius vittatus
Long-tailed Shrike,Lanius schach
Bay-backed/Long-tailed Shrike,Lanius vittatus/schach
Grey-backed Shrike,Lanius tephronotus
Great Grey Shrike,Lanius excubitor
Northern/Great Grey Shrike,Lanius borealis/excubitor
Iberian Grey/Great Grey Shrike,Lanius meridionalis/excubitor
Lesser Grey Shrike,Lanius minor
Masked Shrike,Lanius nubicus
Woodchat Shrike,Lanius senator
shrike sp.,Lanius sp.
Eurasian Jay,Garrulus glandarius
Black-headed Jay,Garrulus lanceolatus
jay sp.,Corvidae sp. (jay sp.)
Yellow-billed Blue Magpie,Urocissa flavirostris
Red-billed Blue-Magpie,Urocissa erythroryncha
Yellow-billed/Red-billed Blue-Magpie,Urocissa flavirostris/erythroryncha
Common Green-Magpie,Cissa chinensis
Rufous Treepie,Dendrocitta vagabunda
Grey Treepie,Dendrocitta formosae
White-bellied Treepie,Dendrocitta leucogastra
Collared Treepie,Dendrocitta frontalis
Andaman Treepie,Dendrocitta bayleii
treepie sp.,Dendrocitta/Crypsirina/Temnurus sp.
Eurasian Magpie,Pica pica
Eurasian Nutcracker (Spotted Nutcracker),Nucifraga caryocatactes
Kashmir Nutcracker (Large-spotted Nutcracker),Nucifraga multipunctata
Red-billed Chough,Pyrrhocorax pyrrhocorax
Yellow-billed Chough (Alpine Chough),Pyrrhocorax graculus
Red-billed/Yellow-billed Chough,Pyrrhocorax pyrrhocorax/graculus
Eurasian Jackdaw,Corvus monedula
House Crow,Corvus splendens
Rook,Corvus frugilegus
Carrion Crow,Corvus corone
Hooded Crow,Corvus cornix
Large-billed Crow,Corvus macrorhynchos
crow sp.,Corvus sp. (crow sp.)
Pied Crow,Corvus albus
Common Raven (Northern Raven),Corvus corax
raven sp.,Corvus sp. (raven sp.)
crow/raven sp.,Corvus sp.
Yellow-bellied Fantail,Chelidorhynx hypoxanthus
Grey-headed Canary-Flycatcher,Culicicapa ceylonensis
Fire-capped Tit,Cephalopyrus flammiceps
Yellow-browed Tit,Sylviparus modestus
Sultan Tit,Melanochlora sultanea
Coal Tit,Periparus ater
Rufous-naped Tit (Black-breasted Tit),Periparus rufonuchalis
Rufous-vented Tit,Periparus rubidiventris
Rufous-naped/Rufous-vented Tit,Periparus rufonuchalis/rubidiventris
Grey-crested Tit,Lophophanes dichrous
Azure Tit,Cyanistes cyanus
Ground Tit (Groundpecker),Pseudopodoces humilis
Green-backed Tit,Parus monticolus
Cinereous Tit (Great Tit),Parus cinereus
Parus tit sp.,Parus sp.
White-naped Tit (White-winged Tit),Machlolophus nuchalis
Himalayan Black-lored Tit,Machlolophus xanthogenys
Indian Yellow Tit,Machlolophus aplonotus
Yellow-cheeked Tit,Machlolophus spilonotus
Parid tit sp.,Paridae sp.
White-crowned Penduline-Tit,Remiz coronatus
Greater Hoopoe-Lark,Alaemon alaudipes
Rufous-tailed Lark,Ammomanes phoenicura
Desert Lark,Ammomanes deserti
Ammomanes lark sp.,Ammomanes sp.
Black-crowned Sparrow-Lark,Eremopterix nigriceps
Ashy-crowned Sparrow-Lark (Ashy-crowned Finch-Lark),Eremopterix griseus
Singing Bushlark,Mirafra cantillans
Bengal Bushlark,Mirafra assamica
Jerdon's Bushlark,Mirafra affinis
Indian Bushlark (Red-winged Bushlark),Mirafra erythroptera
Singing/Indian Bushlark,Mirafra cantillans/erythroptera
Jerdon's/Indian Bushlark,Mirafra affinis/erythroptera
Mirafra bushlark sp.,Mirafra sp.
Horned Lark,Eremophila alpestris
Greater Short-toed Lark,Calandrella brachydactyla
Mongolian Short-toed Lark (Sykes's Short-toed Lark),Calandrella dukhunensis
Greater/Mongolian (Sykes's) Short-toed Lark,Calandrella brachydactyla/dukhunensis
Hume's Lark (Hume's Short-toed Lark),Calandrella acutirostris
Greater/Hume's Short-toed Lark,Calandrella brachydactyla/acutirostris
Calandrella lark sp.,Calandrella sp.
Bimaculated Lark,Melanocorypha bimaculata
Bimaculated/Calandra Lark,Melanocorypha bimaculata/calandra
Tibetan Lark,Melanocorypha maxima
Turkestan Short-toed Lark (Lesser Short-toed Lark),Alaudala heinei
Asian/Turkestan Short-toed Lark,Alaudala cheleensis/heinei
Sand Lark,Alaudala raytal
Greater Short-toed Lark/Alaudala sp.,Calandrella brachydactyla/Alaudala sp.
Calandrella/Alaudala lark sp.,Calandrella/Alaudala sp.
Eurasian Skylark,Alauda arvensis
Oriental Skylark,Alauda gulgula
Eurasian/Oriental Skylark,Alauda arvensis/gulgula
Crested Lark,Galerida cristata
Thekla's/Crested Lark,Galerida theklae/cristata
Malabar Lark,Galerida malabarica
Tawny Lark (Sykes's Lark),Galerida deva
Galerida sp.,Galerida sp.
lark sp.,Alaudidae sp.
Common Tailorbird,Orthotomus sutorius
Dark-necked Tailorbird,Orthotomus atrogularis
tailorbird sp.,Orthotomus sp.
Himalayan Prinia (Striated Prinia),Prinia crinigera
Black-throated Prinia,Prinia atrogularis
Hill Prinia,Prinia superciliaris
Grey-crowned Prinia,Prinia cinereocapilla
Rufous-fronted Prinia,Prinia buchanani
Rufescent Prinia,Prinia rufescens
Grey-breasted Prinia,Prinia hodgsonii
Delicate Prinia (Indian Graceful Prinia),Prinia lepida
Jungle Prinia,Prinia sylvatica
Yellow-bellied Prinia,Prinia flaviventris
Ashy Prinia,Prinia socialis
Yellow-bellied/Ashy Prinia,Prinia flaviventris/socialis
Plain Prinia,Prinia inornata
prinia sp.,Prinia sp.
Zitting Cisticola,Cisticola juncidis
Golden-headed Cisticola (Bright-headed Cisticola),Cisticola exilis
Zitting/Golden-headed Cisticola,Cisticola juncidis/exilis
cisticola sp.,Cisticola sp.
Thick-billed Warbler,Arundinax aedon
Booted Warbler,Iduna caligata
Sykes's Warbler,Iduna rama
Booted/Sykes's Warbler,Iduna caligata/rama
Iduna warbler sp.,Iduna sp.
Hippolais warbler sp.,Hippolais sp.
Black-browed Reed Warbler,Acrocephalus bistrigiceps
Moustached Warbler,Acrocephalus melanopogon
Sedge Warbler,Acrocephalus schoenobaenus
Paddyfield Warbler,Acrocephalus agricola
Blunt-winged Warbler,Acrocephalus concinens
Blyth's Reed Warbler,Acrocephalus dumetorum
Paddyfield/Blyth's Reed Warbler,Acrocephalus agricola/dumetorum
Large-billed Reed Warbler,Acrocephalus orinus
Great Reed Warbler,Acrocephalus arundinaceus
Oriental Reed Warbler,Acrocephalus orientalis
Clamorous Reed Warbler (Indian Great Reed Warbler),Acrocephalus stentoreus
Great/Oriental/Clamorous Reed Warbler,Acrocephalus arundinaceus/orientalis/stentoreus
Acrocephalus warbler sp.,Acrocephalus sp.
Iduna/Hippolais/Acrocephalus warbler sp.,Iduna/Hippolais/Acrocephalus sp.
Pallas's Grasshopper Warbler,Helopsaltes certhiola
Lanceolated Warbler,Locustella lanceolata
Brown Bush Warbler,Locustella luteoventris
Common Grasshopper-Warbler,Locustella naevia
Long-billed Bush Warbler,Locustella major
Chinese Bush Warbler,Locustella tacsanowskia
Baikal Bush Warbler,Locustella davidi
Chinese/Baikal Bush Warbler,Locustella tacsanowskia/davidi
West Himalayan Bush Warbler,Locustella kashmirensis
Spotted Bush Warbler,Locustella thoracica
Baikal/Spotted Bush Warbler,Locustella davidi/thoracica
Russet Bush Warbler,Locustella mandelli
Brown/Russet Bush Warbler,Locustella luteoventris/mandelli
Locustella warbler sp.,Locustella sp.
Helopsaltes/Locustella warbler sp.,Helopsaltes/Locustella sp.
Broad-tailed Grassbird,Schoenicola platyurus
Bristled Grassbird,Schoenicola striatus
Striated Grassbird,Megalurus palustris
Bradypterus warbler sp.,Bradypterus sp.
Scaly-breasted Cupwing (Scaly-breasted Wren-babbler),Pnoepyga albiventer
Immaculate Cupwing (Nepal Wren-babbler),Pnoepyga immaculata
Pygmy Cupwing (Pygmy Wren-babbler),Pnoepyga pusilla
cupwing sp.,Pnoepyga sp.
Grey-throated Martin (Plain Martin),Riparia chinensis
Bank Swallow (Sand Martin),Riparia riparia
Grey-throated Martin/Bank Swallow,Riparia chinensis/riparia
Pale Sand Martin (Pale Martin),Riparia diluta
Bank Swallow/Pale Sand Martin,Riparia riparia/diluta
Riparia martin/swallow sp.,Riparia sp.
Eurasian Crag-Martin,Ptyonoprogne rupestris
Eurasian Crag-Martin/Rock Martin,Ptyonoprogne rupestris/fuligula
Dusky Crag-Martin,Ptyonoprogne concolor
Eurasian/Dusky Crag-Martin,Ptyonoprogne rupestris/concolor
Barn Swallow,Hirundo rustica
Wire-tailed Swallow,Hirundo smithii
Hill Swallow (House Swallow),Hirundo domicola
Pacific Swallow,Hirundo tahitica
Barn/Pacific Swallow,Hirundo rustica/tahitica
Red-rumped Swallow,Cecropis daurica
Striated Swallow,Cecropis striolata
Red-rumped/Striated Swallow,Cecropis daurica/striolata
Streak-throated Swallow,Petrochelidon fluvicola
Common House-Martin (Northern House-Martin),Delichon urbicum
Asian House-Martin,Delichon dasypus
Common/Asian House-Martin,Delichon urbicum/dasypus
Nepal House-Martin,Delichon nipalense
house-martin sp.,Delichon sp.
martin/swallow sp.,Hirundinidae sp.
Grey-headed Bulbul,Brachypodius priocephalus
Black-headed Bulbul,Brachypodius melanocephalos
Andaman Bulbul,Brachypodius fuscoflavescens
Black-crested Bulbul,Rubigula flaviventris
Flame-throated Bulbul (Ruby-throated Bulbul),Rubigula gularis
Crested Finchbill,Spizixos canifrons
Striated Bulbul,Pycnonotus striatus
Red-vented Bulbul,Pycnonotus cafer
Red-whiskered Bulbul,Pycnonotus jocosus
Red-vented/Red-whiskered Bulbul,Pycnonotus cafer/jocosus
White-eared Bulbul,Pycnonotus leucotis
Himalayan Bulbul (White-cheeked Bulbul),Pycnonotus leucogenys
Yellow-throated Bulbul,Pycnonotus xantholaemus
Flavescent Bulbul,Pycnonotus flavescens
White-browed Bulbul,Pycnonotus luteolus
Pycnonotus bulbul sp.,Pycnonotus sp.
Brachypodius/Rubigula/Pycnonotus bulbul sp.,Brachypodius/Rubigula/Pycnonotus sp.
White-throated Bulbul,Alophoixus flaveolus
Grey-eyed Bulbul,Iole propinqua
Cachar Bulbul (Indian Olive Bulbul),Iole cacharensis
Yellow-browed Bulbul,Iole indica
Himalayan Black Bulbul,Hypsipetes leucocephalus
Square-tailed Bulbul (Black Bulbul),Hypsipetes ganeesa
Nicobar Bulbul,Hypsipetes nicobariensis
Ashy Bulbul,Hemixos flavala
Mountain Bulbul,Ixos mcclellandii
bulbul sp.,Pycnonotidae sp.
Wood Warbler,Phylloscopus sibilatrix
Ashy-throated Warbler,Phylloscopus maculipennis
Buff-barred Warbler,Phylloscopus pulcher
Yellow-browed Warbler,Phylloscopus inornatus
Hume's Warbler,Phylloscopus humei
Yellow-browed/Hume's Warbler,Phylloscopus inornatus/humei
Brooks's Leaf Warbler,Phylloscopus subviridis
Chinese Leaf Warbler,Phylloscopus yunnanensis
Lemon-rumped Warbler (Pale-rumped Warbler),Phylloscopus chloronotus
Sichuan Leaf Warbler,Phylloscopus forresti
Lemon-rumped/Sichuan Leaf Warbler,Phylloscopus chloronotus/forresti
Tytler's Leaf Warbler,Phylloscopus tytleri
Sulphur-bellied Warbler,Phylloscopus griseolus
Tickell's Leaf Warbler,Phylloscopus affinis
Sulphur-bellied/Tickell's Leaf Warbler,Phylloscopus griseolus/affinis
Tickell's/Alpine Leaf Warbler,Phylloscopus affinis/occisinensis
Dusky Warbler,Phylloscopus fuscatus
Radde's/Dusky Warbler,Phylloscopus schwarzi/fuscatus
Smoky Warbler,Phylloscopus fuligiventer
Dusky/Smoky Warbler,Phylloscopus fuscatus/fuligiventer
Plain Leaf Warbler,Phylloscopus neglectus
Buff-throated Warbler,Phylloscopus subaffinis
Willow Warbler,Phylloscopus trochilus
Mountain Chiffchaff,Phylloscopus sindianus
Common Chiffchaff,Phylloscopus collybita
Mountain/Common Chiffchaff,Phylloscopus sindianus/collybita
White-spectacled Warbler,Phylloscopus intermedius
Grey-cheeked Warbler,Phylloscopus poliogenys
Green-crowned Warbler (Golden-spectacled Warbler),Phylloscopus burkii
Grey-crowned Warbler,Phylloscopus tephrocephalus
Whistler's Warbler,Phylloscopus whistleri
Green-crowned/Whistler's Warbler,Phylloscopus burkii/whistleri
Grey-crowned/Whistler's Warbler,Phylloscopus tephrocephalus/whistleri
Phylloscopus warbler sp. (Golden-spectacled Warbler complex),Phylloscopus sp. (burkii complex)
Green Warbler,Phylloscopus nitidus
Greenish Warbler,Phylloscopus trochiloides
Green/Greenish Warbler,Phylloscopus nitidus/trochiloides
Two-barred Warbler,Phylloscopus plumbeitarsus
Greenish/Two-barred Warbler,Phylloscopus trochiloides/plumbeitarsus
Large-billed Leaf Warbler,Phylloscopus magnirostris
Greenish/Large-billed Leaf Warbler,Phylloscopus trochiloides/magnirostris
Sakhalin Leaf Warbler,Phylloscopus borealoides
Pale-legged/Sakhalin Leaf Warbler,Phylloscopus tenellipes/borealoides
Arctic Warbler,Phylloscopus borealis
Chestnut-crowned Warbler,Phylloscopus castaniceps
Yellow-vented Warbler,Phylloscopus cantator
Western Crowned Warbler,Phylloscopus occipitalis
Blyth's Leaf Warbler,Phylloscopus reguloides
Claudia's Leaf Warbler,Phylloscopus claudiae
Grey-hooded Warbler,Phylloscopus xanthoschistos
Phylloscopus warbler sp.,Phylloscopus sp.
Pale-footed Bush Warbler,Urosphena pallidipes
Asian Stubtail,Urosphena squameiceps
Grey-bellied Tesia,Tesia cyaniventer
Slaty-bellied Tesia,Tesia olivea
Grey-bellied/Slaty-bellied Tesia,Tesia cyaniventer/olivea
tesia sp. (genus Tesia),Tesia sp.
Chestnut-crowned Bush Warbler,Cettia major
Grey-sided Bush Warbler,Cettia brunnifrons
Chestnut-headed Tesia,Cettia castaneocoronata
Cetti's Warbler,Cettia cetti
Cettia warbler sp.,Cettia sp.
Yellow-bellied Warbler,Abroscopus superciliaris
Rufous-faced Warbler,Abroscopus albogularis
Black-faced Warbler,Abroscopus schisticeps
Mountain Tailorbird,Phyllergates cucullatus
Broad-billed Warbler,Tickellia hodgsoni
Mountain Tailorbird/Broad-billed Warbler,Phyllergates cucullatus/Tickellia hodgsoni
Manchurian Bush Warbler,Horornis canturians
Brownish-flanked Bush Warbler,Horornis fortipes
Hume's Bush Warbler,Horornis brunnescens
Brownish-flanked/Yellowish-bellied Bush Warbler,Horornis fortipes/acanthizoides
Aberrant Bush Warbler,Horornis flavolivaceus
bush warbler sp.,Horornis sp.
White-browed Tit-Warbler,Leptopoecile sophiae
Crested Tit-Warbler,Leptopoecile elegans
Black-throated Tit (Black-throated Bushtit),Aegithalos concinnus
White-throated Tit (White-throated Bushtit),Aegithalos niveogularis
Black-browed/Rufous-fronted Bushtit,Aegithalos iouschistos
Eurasian Blackcap,Sylvia atricapilla
Garden Warbler,Sylvia borin
Barred Warbler,Curruca nisoria
Lesser Whitethroat,Curruca curruca
Eastern Orphean Warbler,Curruca crassirostris
Western/Eastern Orphean Warbler,Curruca hortensis/crassirostris
Asian Desert Warbler,Curruca nana
Greater Whitethroat (Common Whitethroat),Curruca communis
Sylvia warbler sp.,Sylvia/Curruca sp.
Warbler sp.,Passeriformes sp. (Old World warbler sp.)
Fire-tailed Myzornis,Myzornis pyrrhoura
Golden-breasted Fulvetta,Lioparus chrysotis
Yellow-eyed Babbler,Chrysomma sinense
Jerdon's Babbler,Chrysomma altirostre
Brown-throated Fulvetta (Ludlow's Fulvetta),Fulvetta ludlowi
White-browed Fulvetta,Fulvetta vinipectus
Streak-throated Fulvetta (Manipur Fulvetta),Fulvetta manipurensis
fulvetta sp.,Fulvetta sp.
Black-breasted Parrotbill,Paradoxornis flavirostris
Spot-breasted Parrotbill,Paradoxornis guttaticollis
Great Parrotbill,Conostoma aemodium
Brown Parrotbill,Cholornis unicolor
Grey-headed Parrotbill,Psittiparus gularis
White-breasted Parrotbill (Greater Rufous-headed Parrotbill),Psittiparus ruficeps
Rufous-headed Parrotbill,Psittiparus bakeri
Fulvous Parrotbill,Suthora fulvifrons
Black-throated Parrotbill,Suthora nipalensis
Pale-billed Parrotbill (Lesser Rufous-headed Parrotbill),Chleuasicus atrosuperciliaris
parrotbill sp.,Sylviidae (parrotbill sp.)
Striated Yuhina,Staphida castaniceps
Black-chinned Yuhina,Yuhina nigrimenta
Whiskered Yuhina,Yuhina flavicollis
White-naped Yuhina,Yuhina bakeri
Stripe-throated Yuhina,Yuhina gularis
Rufous-vented Yuhina,Yuhina occipitalis
yuhina sp.,Parayuhina/Staphida/Yuhina sp.
Chestnut-flanked White-eye,Zosterops erythropleurus
Indian White-eye (Oriental White-eye),Zosterops palpebrosus
Swinhoe's/Indian White-eye,Zosterops simplex/palpebrosus
Zosterops white-eye sp.,Zosterops sp.
Chestnut-capped Babbler,Timalia pileata
Tawny-bellied Babbler,Dumetia hyperythra
Dark-fronted Babbler,Dumetia atriceps
Pin-striped Tit-Babbler,Mixornis gularis
Grey-faced/Pin-striped Tit-Babbler,Mixornis kelleyi/gularis
Golden Babbler,Cyanoderma chrysaeum
Black-chinned Babbler,Cyanoderma pyrrhops
Rufous-capped Babbler,Cyanoderma ruficeps
Buff-chested Babbler (Indian Rufous-fronted Babbler),Cyanoderma ambiguum
Cyanoderma babbler sp.,Cyanoderma sp.
Rufous-throated Wren-Babbler,Spelaeornis caudatus
Mishmi Wren-Babbler (Rusty-throated Wren-Babbler),Spelaeornis badeigularis
Bar-winged Wren-Babbler,Spelaeornis troglodytoides
Naga Wren-Babbler (Long-tailed Wren-Babbler),Spelaeornis chocolatinus
Chin Hills Wren-Babbler,Spelaeornis oatesi
Tawny-breasted Wren-Babbler,Spelaeornis longicaudatus
Grey-bellied Wren-Babbler,Spelaeornis reptatus
Coral-billed Scimitar-Babbler,Pomatorhinus ferruginosus
Red-billed Scimitar-Babbler,Pomatorhinus ochraceiceps
Coral-billed/Red-billed Scimitar-Babbler,Pomatorhinus ferruginosus/ochraceiceps
Slender-billed Scimitar-Babbler,Pomatorhinus superciliaris
Streak-breasted Scimitar-Babbler,Pomatorhinus ruficollis
White-browed Scimitar-Babbler,Pomatorhinus schisticeps
Streak-breasted/White-browed Scimitar-Babbler,Pomatorhinus ruficollis/schisticeps
Indian Scimitar-Babbler,Pomatorhinus horsfieldii
Pomatorhinus scimitar-babbler sp.,tar-babbler sp. (<em c
Large Scimitar-Babbler,Erythrogenys hypoleucos
Rusty-cheeked Scimitar-Babbler,Erythrogenys erythrogenys
Spot-breasted Scimitar-Babbler,Erythrogenys mcclellandi
Grey-throated Babbler,Stachyris nigriceps
Sikkim Wedge-billed Babbler (Blackish-breasted Babbler),Stachyris humei
Cachar Wedge-billed Babbler (Chevron-breasted Babbler),Stachyris roberti
Snowy-throated Babbler,Stachyris oglei
Stachyris babbler sp.,Stachyris sp.
Timaliidae babbler sp.,Timaliidae sp.
Indian Grassbird (Rufous-rumped Grassbird),Graminicola bengalensis
White-hooded Babbler,Gampsorhynchus rufulus
Yellow-throated Fulvetta,Schoeniparus cinereus
Rufous-winged Fulvetta,Schoeniparus castaneceps
Rufous-throated Fulvetta,Schoeniparus rufogularis
Rusty-capped Fulvetta,Schoeniparus dubius
Schoeniparus babbler sp.,Schoeniparus sp.
Puff-throated Babbler,Pellorneum ruficeps
Marsh Babbler,Pellorneum palustre
Spot-throated Babbler,Pellorneum albiventre
Buff-breasted Babbler,Pellorneum tickelli
Rufous-vented Grass Babbler (Rufous-vented Prinia),Laticilla burnesii
Swamp Grass Babbler (Swamp Prinia),Laticilla cinerascens
Abbott's Babbler,Malacocincla abbotti
Streaked Wren-Babbler,Gypsophila brevicaudata
Eyebrowed Wren-Babbler,Napothera epilepidota
Long-billed Wren-Babbler,Napothera malacoptila
Pellorneidae sp.,Pellorneidae sp.
Brown-cheeked Fulvetta,Alcippe poioicephala
Nepal Fulvetta,Alcippe nipalensis
Striated Laughingthrush,Grammatoptila striata
Himalayan Cutia,Cutia nipalensis
Scaly Laughingthrush,Trochalopteron subunicolor
Brown-capped Laughingthrush,Trochalopteron austeni
Blue-winged Laughingthrush,Trochalopteron squamatum
Streaked Laughingthrush,Trochalopteron lineatum
Bhutan Laughingthrush,Trochalopteron imbricatum
Striped Laughingthrush,Trochalopteron virgatum
Variegated Laughingthrush,Trochalopteron variegatum
Black-faced Laughingthrush,Trochalopteron affine
Elliot's Laughingthrush,Trochalopteron elliotii
Chestnut-crowned Laughingthrush,Trochalopteron erythrocephalum
Assam Laughingthrush,Trochalopteron chrysopterum
Banasura Laughingthrush (Banasura Chilappan),Montecincla jerdoni
Nilgiri Laughingthrush (Nilgiri Chilappan),Montecincla cachinnans
Palani Laughingthrush (Palani Chilappan),Montecincla fairbanki
Ashambu Laughingthrush (Ashambu Chilappan),Montecincla meridionalis
Long-tailed Sibia,Heterophasia picaoides
Rufous Sibia,Heterophasia capistrata
Beautiful Sibia,Heterophasia pulchella
Grey Sibia,Heterophasia gracilis
Hoary-throated Barwing,Actinodura nipalensis
Streak-throated Barwing,Actinodura waldeni
Hoary-throated/Streak-throated Barwing,Actinodura nipalensis/waldeni
Blue-winged Minla,Actinodura cyanouroptera
Chestnut-tailed Minla (Bar-throated Siva),Actinodura strigula
Rusty-fronted Barwing,Actinodura egertoni
Red-billed Leiothrix,Leiothrix lutea
Silver-eared Mesia (Silver-eared Leiothrix),Leiothrix argentauris
Red-tailed Minla,Minla ignotincta
Rufous-backed Sibia,Leioptila annectens
Bugun Liocichla,Liocichla bugunorum
Red-faced Liocichla,Liocichla phoenicea
Large Grey Babbler,Argya malcolmi
Slender-billed Babbler,Argya longirostris
Rufous Babbler,Argya subrufa
Jungle Babbler,Argya striata
Yellow-billed Babbler,Argya affinis
Jungle/Yellow-billed Babbler,Argya striata/affinis
Common Babbler,Argya caudata
Striated Babbler,Argya earlei
Common/Striated Babbler,Argya caudata/earlei
Turdoides babbler sp.,Argya/Turdoides sp.
Spot-breasted Laughingthrush,Garrulax merulinus
Lesser Necklaced Laughingthrush,Garrulax monileger
White-crested Laughingthrush,Garrulax leucolophus
Garrulax laughingthrush sp.,Garrulax sp.
Rufous-chinned Laughingthrush,Ianthocincla rufogularis
Moustached Laughingthrush,Ianthocincla cineracea
Spotted Laughingthrush,Ianthocincla ocellata
Wayanad Laughingthrush,Pterorhinus delesserti
Rufous-vented Laughingthrush,Pterorhinus gularis
Yellow-throated Laughingthrush,Pterorhinus galbanus
Rufous-necked Laughingthrush,Pterorhinus ruficollis
Chestnut-backed Laughingthrush,Pterorhinus nuchalis
White-browed Laughingthrush,Pterorhinus sannio
Greater Necklaced Laughingthrush,Pterorhinus pectoralis
Lesser/Greater Necklaced Laughingthrush,Garrulax monileger/Pterorhinus pectoralis
Mount Victoria Babax,Pterorhinus woodi
White-throated Laughingthrush,Pterorhinus albogularis
Grey-sided Laughingthrush,Pterorhinus caerulatus
laughingthrush sp.,Leiothrichidae sp. (laughingthrush sp.)
Goldcrest,Regulus regulus
Wallcreeper,Tichodroma muraria
Indian Nuthatch,Sitta castanea
Chestnut-bellied Nuthatch,Sitta cinnamoventris
Indian/Chestnut-bellied Nuthatch,Sitta castanea/cinnamoventris
Chestnut-vented Nuthatch,Sitta nagaensis
Kashmir Nuthatch,Sitta cashmirensis
White-tailed Nuthatch,Sitta himalayensis
White-cheeked Nuthatch,Sitta leucopsis
Yunnan Nuthatch,Sitta yunnanensis
Velvet-fronted Nuthatch,Sitta frontalis
Velvet-fronted/Yellow-billed Nuthatch,Sitta frontalis/solangiae
Beautiful Nuthatch,Sitta formosa
nuthatch sp.,Sitta sp.
Hodgson's Treecreeper (Eurasian Treecreeper),Certhia hodgsoni
Bar-tailed Treecreeper,Certhia himalayana
Rusty-flanked Treecreeper,Certhia nipalensis
Sikkim Treecreeper (Brown-throated Treecreeper),Certhia discolor
Hume's Treecreeper,Certhia manipurensis
treecreeper sp.,Certhia sp.
Indian Spotted Creeper,Salpornis spilonota
Eurasian Wren (Winter Wren),Troglodytes troglodytes
wren sp.,Troglodytidae sp.
Spotted Elachura (Spotted Wren-Babbler),Elachura formosa
White-throated Dipper,Cinclus cinclus
Brown Dipper,Cinclus pallasii
Asian Glossy Starling,Aplonis panayensis
Golden-crested Myna,Ampeliceps coronatus
Common Hill Myna,Gracula religiosa
Southern Hill Myna,Gracula indica
European Starling (Common Starling),Sturnus vulgaris
Rosy Starling,Pastor roseus
Daurian Starling,Agropsar sturninus
Chestnut-cheeked Starling,Agropsar philippensis
Asian Pied Starling (Pied Myna),Gracupica contra
Brahminy Starling,Sturnia pagodarum
Chestnut-tailed Starling,Sturnia malabarica
Malabar Starling (Blyth's Starling),Sturnia blythii
Chestnut-tailed/Malabar Starling,Sturnia malabarica/blythii
White-headed Starling,Sturnia erythropygia
Red-billed Starling,Spodiopsar sericeus
White-cheeked Starling,Spodiopsar cineraceus
Common Myna,Acridotheres tristis
Bank Myna,Acridotheres ginginianus
Jungle Myna,Acridotheres fuscus
Common/Jungle Myna,Acridotheres tristis/fuscus
Great Myna,Acridotheres grandis
black myna sp.,Acridotheres sp. (black myna sp.)
Acridotheres myna sp.,Acridotheres sp.
Spot-winged Starling,Saroglossa spilopterus
myna/starling sp.,Sturnidae sp.
Grandala,Grandala coelicolor
Long-tailed Thrush,Zoothera dixoni
Alpine Thrush,Zoothera mollissima
Himalayan Thrush,Zoothera salimalii
Alpine/Himalayan Thrush,Zoothera mollissima/salimalii
Dark-sided Thrush,Zoothera marginata
Long-billed Thrush,Zoothera monticola
Scaly Thrush,Zoothera dauma
Nilgiri Thrush,Zoothera neilgherriensis
Zoothera thrush sp.,Zoothera sp.
Purple Cochoa,Cochoa purpurea
Green Cochoa,Cochoa viridis
Siberian Thrush,Geokichla sibirica
Pied Thrush,Geokichla wardii
Orange-headed Thrush,Geokichla citrina
Chinese Thrush,Otocichla mupinensis
Mistle Thrush,Tur
Song Thrush,Turdus philomelos
Chinese Blackbird,Turdus mandarinus
Grey-winged Blackbird,Turdus boulboul
Indian Blackbird,Turdus simillimus
Japanese Thrush,Turdus cardis
Tickell's Thrush,Turdus unicolor
Black-breasted Thrush,Turdus dissimilis
Grey-sided Thrush,Turdus feae
Eyebrowed Thrush,Turdus obscurus
Grey-sided/Eyebrowed Thrush,Turdus feae/obscurus
White-backed Thrush (Kessler's Thrush),Turdus kessleri
Tibetan Blackbird,Turdus maximus
Fieldfare,Turdus pilaris
White-collared Blackbird,Turdus albocinctus
Chestnut Thrush,Turdus rubrocanus
Black-throated Thrush,Turdus atrogularis
Red-throated Thrush,Turdus ruficollis
Black-throated x Red-throated Thrush (hybrid),Turdus atrogularis x ruficollis
Dusky Thrush,Turdus eunomus
Naumann's Thrush,Turdus naumanni
Dusky x Naumann's Thrush (hybrid),Turdus eunomus x naumanni
Dusky/Naumann's Thrush,Turdus eunomus/naumanni
Turdus thrush sp.,Turdus sp.
thrush sp.,Turdidae sp.
Dark-sided Flycatcher,Muscicapa sibirica
Ferruginous Flycatcher,Muscicapa ferruginea
Asian Brown Flycatcher,Muscicapa dauurica
Brown-breasted Flycatcher,Muscicapa muttui
Spotted Flycatcher,Muscicapa striata
Muscicapa flycatcher sp.,pa flycatcher sp. (<em c
Rufous-tailed Scrub-Robin,Cercotrichas galactotes
Indian Robin,Copsychus fulicatus
Oriental Magpie-Robin,Copsychus saularis
White-rumped Shama,Copsychus malabaricus
Andaman Shama,Copsychus albiventris
White-gorgeted Flycatcher,Anthipes monileger
Nilgiri Sholakili,Sholicola major
White-bellied Sholakili,Sholicola albiventris
White-tailed Flycatcher,Cyornis concretus
White-bellied Blue Flycatcher,Cyornis pallidipes
Pale-chinned Blue Flycatcher,Cyornis poliogenys
Pale Blue Flycatcher,Cyornis unicolor
Blue-throated Flycatcher,Cyornis rubeculoides
Blue-throated/Chinese Blue Flycatcher,Cyornis rubeculoides/glaucicomans
Large Blue Flycatcher,Cyornis magnirostris
Hill Blue Flycatcher,Cyornis whitei
Large/Hill Blue Flycatcher,Cyornis magnirostris/whitei
Tickell's Blue Flycatcher,Cyornis tickelliae
Pale-chinned x Tickell's Blue Flycatcher (hybrid),Cyornis poliogenys x tickelliae
Blue-throated/Tickell's Blue Flycatcher,Cyornis rubeculoides/tickelliae
Nicobar Jungle-Flycatcher,Cyornis nicobaricus
blue flycatcher sp.,Cyornis sp.
Large Niltava,Niltava grandis
Small Niltava,Niltava macgrigoriae
Rufous-bellied Niltava,Niltava sundara
Vivid Niltava,Niltava vivida
niltava sp.,Niltava sp.
Blue-and-white Flycatcher,Cyanoptila cyanomelana
Zappey's Flycatcher,Cyanoptila cumatilis
Blue-and-white/Zappey's Flycatcher,Cyanoptila cyanomelana/cumatilis
Nilgiri Flycatcher,Eumyias albicaudatus
Verditer Flycatcher,Eumyias thalassinus
Nilgiri/Verditer Flycatcher,Eumyias albicaudatus/thalassinus
Rusty-bellied Shortwing,Brachypteryx hyperythra
Gould's Shortwing,Brachypteryx stellata
Lesser Shortwing,Brachypteryx leucophris
Himalayan Shortwing (White-browed Shortwing),Brachypteryx cruralis
Brachypteryx shortwing sp.,Brachypteryx sp.
Indian Blue Robin,Larvivora brunnea
Siberian Blue Robin,Larvivora cyane
White-bellied Redstart,Luscinia phaenicuroides
Bluethroat,Luscinia svecica
Malabar Whistling-Thrush,Myophonus horsfieldii
Blue Whistling-Thrush,Myophonus caeruleus
whistling-thrush sp.,Myophonus sp.
Little Forktail,Enicurus scouleri
White-crowned Forktail,Enicurus leschenaulti
Spotted Forktail,Enicurus maculatus
Black-backed Forktail,Enicurus immaculatus
Slaty-backed Forktail,Enicurus schistaceus
forktail sp.,Enicurus sp.
Firethroat,Calliope pectardens
Siberian Rubythroat,Calliope calliope
Himalayan Rubythroat,Calliope pectoralis
Chinese Rubythroat,Calliope tschebaiewi
Himalayan/Chinese Rubythroat (White-tailed Rubythroat),Calliope pectoralis/tschebaiewi
White-tailed Robin,Myiomela leucura
Blue-fronted Robin,Cinclidium frontale
Red-flanked Bluetail (Red-flanked Bush-Robin),Tarsiger cyanurus
Himalayan Bluetail (Orange-flanked Bush-Robin),Tarsiger rufilatus
Red-flanked/Himalayan Bluetail (Orange-flanked/Red-flanked Bush-Robin),Tarsiger cyanurus/rufilatus
Rufous-breasted Bush-Robin,Tarsiger hyperythrus
White-browed Bush-Robin,Tarsiger indicus
Golden Bush-Robin,Tarsiger chrysaeus
Tarsiger bush-robin sp.,Tarsiger sp.
Korean Flycatcher (Yellow-rumped Flycatcher),Ficedula zanthopygia
Mugimaki Flycatcher,Ficedula mugimaki
Slaty-backed Flycatcher,Ficedula erithacus
Black-and-orange Flycatcher,Ficedula nigrorufa
Slaty-blue Flycatcher,Ficedula tricolor
Snowy-browed Flycatcher,Ficedula hyperythra
Pygmy Flycatcher,Ficedula hodgsoni
Rufous-gorgeted Flycatcher,Ficedula strophiata
Sapphire Flycatcher,Ficedula sapphira
Little Pied Flycatcher,Ficedula westermanni
Ultramarine Flycatcher,Ficedula superciliaris
Rusty-tailed Flycatcher,Ficedula ruficauda
Taiga Flycatcher (Red-throated Flycatcher),Ficedula albicilla
Kashmir Flycatcher,Ficedula subrubra
Red-breasted Flycatcher,Ficedula parva
Taiga/Red-breasted Flycatcher,Ficedula albicilla/parva
Ficedula flycatcher sp.,Ficedula sp.
Blue-fronted Redstart,Phoenicurus frontalis
Plumbeous Redstart,Phoenicurus fuliginosus
Rufous-backed Redstart (Eversmann's Redstart),Phoenicurus erythronotus
White-capped Redstart,Phoenicurus leucocephalus
Blue-capped Redstart,Phoenicurus coeruleocephala
Common Redstart,Phoenicurus phoenicurus
Hodgson's Redstart,Phoenicurus hodgsoni
White-throated Redstart,Phoenicurus schisticeps
White-winged Redstart (Güldenstädt's Redstart),Phoenicurus erythrogastrus
Black Redstart,Phoenicurus ochruros
Daurian Redstart,Phoenicurus auroreus
redstart sp.,Phoenicurus sp.
Chestnut-bellied Rock-Thrush,Monticola rufiventris
Blue-capped Rock-Thrush,Monticola cinclorhyncha
Rufous-tailed Rock-Thrush,Monticola saxatilis
Blue Rock-Thrush,Monticola solitarius
rock-thrush sp.,Monticola sp.
Whinchat,Saxicola rubetra
White-browed Bushchat (Stoliczka's Bushchat),Saxicola macrorhynchus
White-throated Bushchat (Hodgson's Bushchat),Saxicola insignis
Siberian Stonechat (Common Stonechat),Saxicola maurus
White-browed Bushchat/Siberian Stonechat,Saxicola insignis/maurus
European/Siberian Stonechat,Saxicola rubicola/maurus
Amur Stonechat (Stejneger's Stonechat),Saxicola stejnegeri
White-tailed Stonechat,Saxicola leucurus
Siberian/White-tailed Stonechat,Saxicola maurus/leucurus
Pied Bushchat,Saxicola caprata
Jerdon's Bushchat,Saxicola jerdoni
Grey Bushchat,Saxicola ferreus
Saxicola bushchat/stonechat sp.,Saxicola sp.
Northern Wheatear,Oenanthe oenanthe
Isabelline Wheatear,Oenanthe isabellina
Desert Wheatear,Oenanthe deserti
Pied Wheatear,Oenanthe pleschanka
Brown Rock Chat (Indian Chat),Oenanthe fusca
Variable Wheatear,Oenanthe picata
Hume's Wheatear,Oenanthe albonigra
Finsch's Wheatear,Oenanthe finschii
Red-tailed Wheatear (Persian Wheatear),Oenanthe chrysopygia
Kurdish/Persian Wheatear (Red-tailed Wheatear),Oenanthe xanthoprymna/chrysopygia
wheatear sp.,Oenanthe sp.
Muscicapid flycatcher sp.,pid flycatcher sp. (<em c
Bohemian Waxwing,Bombycilla garrulus
Hypocolius,Hypocolius ampelinus
Thick-billed Flowerpecker,Dicaeum agile
Yellow-vented Flowerpecker,Dicaeum chrysorrheum
Yellow-bellied Flowerpecker,Dicaeum melanozanthum
Pale-billed Flowerpecker,Dicaeum erythrorhynchos
Thick-billed/Pale-billed Flowerpecker,Dicaeum agile/erythrorhynchos
Nilgiri Flowerpecker,Dicaeum concolor
Pale-billed/Nilgiri Flowerpecker,Dicaeum erythrorhynchos/concolor
Plain Flowerpecker,Dicaeum minullum
Andaman Flowerpecker,Dicaeum virescens
Fire-breasted Flowerpecker,Dicaeum ignipectus
Scarlet-backed Flowerpecker,Dicaeum cruentatum
Dicaeum flowerpecker sp.,Dicaeum sp.
flowerpecker sp.,Prionochilus/Dicaeum sp.
Ruby-cheeked Sunbird,Chalcoparia singalensis
Purple-rumped Sunbird,Leptocoma zeylonica
Crimson-backed Sunbird (Small Sunbird),Leptocoma minima
Van Hasselt's Sunbird (Purple-throated Sunbird),Leptocoma brasiliana
Purple Sunbird,Cinnyris asiaticus
Olive-backed Sunbird,Cinnyris jugularis
Loten's Sunbird (Long-billed Sunbird),Cinnyris lotenius
Cinnyris sunbird sp.,Cinnyris sp.
Fire-tailed Sunbird,Aethopyga ignicauda
Black-throated Sunbird,Aethopyga saturata
Mrs. Gould's Sunbird,Aethopyga gouldiae
Green-tailed Sunbird,Aethopyga nipalensis
Vigors's Sunbird,Aethopyga vigorsii
Crimson Sunbird,Aethopyga siparaja
sunbird sp.,Nectariniidae sp. (sunbird sp.)
Little Spiderhunter,Arachnothera longirostra
Streaked Spiderhunter,Arachnothera magna
spiderhunter sp.,Arachnothera sp.
Asian Fairy-bluebird,Irena puella
Blue-winged Leafbird (Blue-winged Chloropsis),Chloropsis cochinchinensis
Jerdon's Leafbird (Jerdon's Chloropsis),Chloropsis jerdoni
Golden-fronted Leafbird (Golden-fronted Chloropsis),Chloropsis aurifrons
Jerdon's/Golden-fronted Leafbird,Chloropsis jerdoni/aurifrons
Orange-bellied Leafbird (Orange-bellied Chloropsis),Chloropsis hardwickii
leafbird sp.,Chloropsis sp.
Streaked Weaver,Ploceus manyar
Baya Weaver,Ploceus philippinus
Finn's Weaver (Yellow Weaver),Ploceus megarhynchus
Black-breasted Weaver (Bengal Weaver),Ploceus benghalensis
Streaked/Black-breasted Weaver,Ploceus manyar/benghalensis
Ploceus weaver sp.,Ploceus sp.
Indian Silverbill (White-throated Munia),Euodice malabarica
Scaly-breasted Munia (Spotted Munia),Lonchura punctulata
Black-throated Munia,Lonchura kelaarti
White-rumped Munia,Lonchura striata
Tricolored Munia (Black-headed Munia),Lonchura malacca
Chestnut Munia,Lonchura atricapilla
Tricolored x Chestnut Munia (hybrid),Lonchura malacca x atricapilla
Tricolored/Chestnut Munia,Lonchura malacca/atricapilla
Lonchura munia sp.,Lonchura sp.
Green Avadavat,Amandava formosa
Red Avadavat,Amandava amandava
estrildid finch sp.,Estrildidae sp.
Alpine Accentor,Prunella collaris
Altai Accentor (Himalayan Accentor),Prunella himalayana
Robin Accentor,Prunella rubeculoides
Rufous-breasted Accentor,Prunella strophiata
Brown Accentor,Prunella fulvescens
Black-throated Accentor,Prunella atrogularis
Maroon-backed Accentor,Prunella immaculata
accentor sp.,Prunella sp.
House Sparrow,Passer domesticus
Spanish Sparrow,Passer hispaniolensis
Sind Sparrow,Passer pyrrhonotus
Russet Sparrow,Passer cinnamomeus
Eurasian Tree Sparrow,Passer montanus
House/Eurasian Tree Sparrow,Passer domesticus/montanus
Passer sparrow sp.,Passer sp.
Yellow-throated Sparrow (Chestnut-shouldered Petronia),Gymnoris xanthocollis
Rock Sparrow,Petronia petronia
Pale Rockfinch,Carpospiza brachydactyla
Black-winged Snowfinch (Tibetan Snowfinch),Montifringilla adamsi
White-rumped Snowfinch,Montifringilla taczanowskii
Rufous-necked Snowfinch,Montifringilla ruficollis
Blanford's Snowfinch (Plain-backed Snowfinch),Montifringilla blanfordi
Forest Wagtail,Dendronanthus indicus
Grey Wagtail,Motacilla cinerea
Western Yellow Wagtail,Motacilla flava
Eastern Yellow Wagtail,Motacilla tschutschensis
Western/Eastern Yellow Wagtail,Motacilla flava/tschutschensis
Citrine Wagtail,Motacilla citreola
Western Yellow x Citrine Wagtail (hybrid),Motacilla flava x citreola
White-browed Wagtail (Large Pied Wagtail),Motacilla maderaspatensis
White Wagtail,Motacilla alba
White-browed/White Wagtail,Motacilla maderaspatensis/alba
wagtail sp.,Motacilla sp.
Richard's Pipit,Anthus richardi
Paddyfield Pipit,Anthus rufulus
Richard's/Paddyfield Pipit,Anthus richardi/rufulus
Long-billed Pipit,Anthus similis
Blyth's Pipit,Anthus godlewskii
Richard's/Blyth's Pipit,Anthus richardi/godlewskii
Tawny Pipit,Anthus campestris
Nilgiri Pipit,Anthus nilghiriensis
Upland Pipit,Anthus sylvanus
Meadow Pipit,Anthus pratensis
Rosy Pipit,Anthus roseatus
Tree Pipit,Anthus trivialis
Meadow/Tree Pipit,Anthus pratensis/trivialis
Olive-backed Pipit,Anthus hodgsoni
Tree/Olive-backed Pipit,Anthus trivialis/hodgsoni
Red-throated Pipit,Anthus cervinus
Water Pipit,Anthus spinoletta
Buff-bellied Pipit (American Pipit),Anthus rubescens
Water/Buff-bellied Pipit,Anthus spinoletta/rubescens
pipit sp.,Anthus sp.
Common Chaffinch,Fringilla coelebs
Brambling,Fringilla montifringilla
Black-and-yellow Grosbeak,Mycerobas icterioides
Collared Grosbeak,Mycerobas affinis
Spot-winged Grosbeak,Mycerobas melanozanthos
White-winged Grosbeak,Mycerobas carnipes
Mycerobas grosbeak sp.,Mycerobas sp.
Hawfinch,Coccothraustes coccothraustes
Common Rosefinch,Carpodacus erythrinus
Scarlet Finch,Carpodacus sipahi
Blyth's Rosefinch,Carpodacus grandis
Himalayan Beautiful Rosefinch,Carpodacus pulcherrimus
Pink-rumped Rosefinch,Carpodacus waltoni
Dark-rumped Rosefinch,Carpodacus edwardsii
Pink-browed Rosefinch,Carpodacus rodochroa
Spot-winged Rosefinch,Carpodacus rodopeplus
Vinaceous Rosefinch,Carpodacus vinaceus
Pale Rosefinch,Carpodacus stoliczkae
Sillem's Rosefinch,Carpodacus sillemi
Streaked Rosefinch,Carpodacus rubicilloides
Great Rosefinch,Carpodacus rubicilla
Streaked/Great Rosefinch,Carpodacus rubicilloides/rubicilla
Red-fronted Rosefinch,Carpodacus puniceus
Crimson-browed Finch,Carpodacus subhimachalus
Three-banded Rosefinch,Carpodacus
Himalayan White-browed Rosefinch,Carpodacus thura
Pink-browed/Himalayan White-browed Rosefinch,Carpodacus rodochroa/thura
Chinese White-browed Rosefinch,Carpodacus dubius
rosefinch sp.,Carpodacus sp.
Brown Bullfinch,Pyrrhula nipalensis
Orange Bullfinch,Pyrrhula aurantiaca
Red-headed Bullfinch,Pyrrhula erythrocephala
Grey-headed Bullfinch,Pyrrhula erythaca
Brown/Grey-headed Bullfinch,Pyrrhula nipalensis/erythaca
Crimson-winged Finch,Rhodopechys sanguineus
Trumpeter Finch,Bucanetes githagineus
Mongolian Finch,Bucanetes mongolicus
Blanford's Rosefinch,Agraphospiza rubescens
Gold-naped Finch,Pyrrhoplectes epauletta
Spectacled Finch,Callacanthis burtoni
Dark-breasted Rosefinch,Procarduelis nipalensis
Plain Mountain Finch,Leucosticte nemoricola
Black-headed Mountain-Finch (Brandt's Mountain Finch),Leucosticte brandti
Desert Finch,Rhodospiza obsoleta
Yellow-breasted Greenfinch,Chloris spinoides
Black-headed Greenfinch,Chloris ambigua
Twite,Linaria flavirostris
Eurasian Linnet,Linaria cannabina
Red Crossbill,Loxia curvirostra
European Goldfinch,Carduelis carduelis
Fire-fronted Serin,Serinus pusillus
Tibetan Serin,Spinus thibetanus
Eurasian Siskin,Spinus spinus
finch sp.,Fringillidae sp.
Crested Bunting,Emberiza lathami
Black-headed Bunting,Emberiza melanocephala
Red-headed Bunting,Emberiza bruniceps
Black-headed/Red-headed Bunting,Emberiza melanocephala/bruniceps
Chestnut-eared Bunting,Emberiza fucata
Rock Bunting,Emberiza cia
Godlewski's Bunting,Emberiza godlewskii
White-capped Bunting (Chestnut-breasted Bunting),Emberiza stewarti
Yellowhammer,Emberiza citrinella
Pine Bunting,Emberiza leucocephalos
Yellowhammer x Pine Bunting (hybrid),Emberiza citrinella x leucocephalos
Grey-necked Bunting (Grey-hooded Bunting),Emberiza buchanani
Ortolan Bunting,Emberiza hortulana
Grey-necked/Ortolan Bunting,Emberiza buchanani/hortulana
Striolated Bunting (House Bunting),Emberiza striolata
Reed Bunting,Emberiza schoeniclus
Yellow-breasted Bunting,Emberiza aureola
Little Bunting,Emberiza pusilla
Rustic Bunting,Emberiza rustica
Black-faced Bunting,Emberiza spodocephala
Chestnut Bunting,Emberiza rutila
Yellow-browed Bunting,Emberiza chrysophrys
Tristram's Bunting,Emberiza tristrami
Emberiza bunting sp.,Emberiza sp.
sparrow sp.,Passerellidae sp. (sparrow sp.)
passerine sp.,Passeriformes sp.
bird sp.,Aves sp.
